Date,AdjClose,Close,High,Low,Open,Volume,"('Close', 'ADEA')","('High', 'ADEA')","('Low', 'ADEA')","('Open', 'ADEA')","('Volume', 'ADEA')"
2023-01-17,10.606164932250977,10.620601047848629,10.293368965675969,10.529168338333122,267647.0,,,,,,
2023-01-18,10.404050827026367,10.68316037613234,10.293368741971625,10.625413161414178,354867.0,,,,,,
2023-01-19,10.14418888092041,10.58691443016919,10.057568525088575,10.327053362673688,441831.0,,,,,,
2023-01-20,10.086442947387695,10.389614231161511,9.999823498456054,10.259683680972737,1229658.0,,,,,,
2023-01-23,10.45217227935791,10.591727510761606,10.08644237255537,10.08644237255537,740798.0,,,,,,
2023-01-24,10.384800910949709,10.495482072403744,10.2308095701683,10.37517622268567,306595.0,,,,,,
2023-01-25,10.538793563842772,10.548418253305112,10.2115614650105,10.298181834449736,404541.0,,,,,,
2023-01-26,10.904522895812988,10.923772273666414,10.490670450572887,10.586915504118307,733601.0,,,,,,
2023-01-27,10.72165870666504,11.174008085017997,10.69278463904694,10.885274751724069,401537.0,,,,,,
2023-01-30,10.548417091369627,10.740906270108692,10.442548272528343,10.567665550313134,356854.0,,,,,,
2023-01-31,10.538793563842772,10.70240961325891,10.452173194403535,10.548418253305112,721560.0,,,,,,
2023-02-01,10.79865264892578,10.962268667686834,10.509918444179176,10.59653879738923,705084.0,,,,,,
2023-02-02,10.615789413452148,11.222131091354798,10.471422740653818,10.837152685318634,592976.0,,,,,,
2023-02-03,10.760154724121094,10.909333710117664,10.471420521843966,10.471420521843966,612308.0,,,,,,
2023-02-06,10.298181533813477,10.784217323141808,10.173063328038385,10.740907139686549,521398.0,,,,,,
2023-02-07,10.65428638458252,10.692784222044413,10.173062957378454,10.288556469764128,452286.0,,,,,,
2023-02-08,10.683159828186035,10.692783598594756,10.519543799047524,10.606164157751536,340973.0,,,,,,
2023-02-09,10.365553855895996,10.9237730007482,10.278933485511876,10.692785040436906,315400.0,,,,,,
2023-02-10,10.65428638458252,10.673535762243889,10.336678996056705,10.355928373718072,261251.0,,,,,,
2023-02-13,10.606164932250977,10.789029433421126,10.56766617636162,10.663911230363292,259545.0,,,,,,
2023-02-14,10.384800910949709,10.70240828077656,10.365552452282428,10.577290086926467,256429.0,,,,,,
2023-02-15,10.70240879058838,10.71203347931089,10.27412023890586,10.327054191157996,326356.0,,,,,,
2023-02-16,10.404050827026367,10.789029198944665,10.360740645452957,10.586915324222348,321860.0,,,,,,
2023-02-17,10.201936721801758,10.461796887510124,10.144189508388331,10.461796887510124,411334.0,,,,,,
2023-02-21,9.797709465026855,10.134565320003754,9.636018177350294,9.99982334515734,406112.0,,,,,,
2023-02-22,10.019070625305176,10.15381350214262,9.81695676897939,9.826581456866512,706335.0,,,,,,
2023-02-23,10.250060081481934,10.635039428391057,9.826583809528971,10.028697714244492,731548.0,,,,,,
2023-02-24,9.816957473754885,10.182687378975071,9.735149456562723,10.115316394650057,432547.0,,,,,,
2023-02-27,9.393481254577637,9.942075652414008,9.3838565660182,9.8169574547238,503787.0,,,,,,
2023-02-28,9.489726066589355,9.566721744860438,9.30676518476774,9.46085291670292,830106.0,,,,,,
2023-03-01,9.4801025390625,9.884330319314278,9.374232790320756,9.374232790320756,396011.0,,,,,,
2023-03-02,9.489726066589355,9.834474615317612,9.33573471004719,9.499350755838462,339787.0,,,,,,
2023-03-03,9.46085262298584,9.624468663697566,9.36460756920452,9.566721447856604,402989.0,,,,,,
2023-03-06,9.06624984741211,9.330922377066628,8.979629479783828,9.258739043330024,801125.0,,,,,,
2023-03-07,8.873760223388672,9.04700003242657,8.623523821837342,9.04700003242657,1000548.0,,,,,,
2023-03-08,8.796764373779297,8.941131031416413,8.671646175492079,8.893008506250432,682826.0,,,,,,
2023-03-09,8.73901653289795,8.945942733760106,8.633147719418577,8.806387512579299,593245.0,,,,,,
2023-03-10,8.73901653289795,8.950755077717453,8.633147719418577,8.710143387014622,542374.0,,,,,,
2023-03-13,8.238546371459961,8.657210284549713,8.200048529821123,8.623524787848346,551722.0,,,,,,
2023-03-14,8.209501266479492,8.548337201626993,8.141734448751452,8.422483880665169,544334.0,,,,,,
2023-03-15,8.054605484008789,8.369239260871502,7.894868747668594,8.04492516911975,621204.0,,,,,,
2023-03-16,8.2482271194458,8.596743407199128,7.9093911472453104,7.948115179217902,576832.0,,,,,,
2023-03-17,7.967475891113281,8.345035855363971,7.919071548706025,8.345035855363971,2938815.0,,,,,,
2023-03-20,8.054605484008789,8.238545315705792,8.006201139802544,8.064286722151513,585386.0,,,,,,
2023-03-21,8.093329429626465,8.354717317254664,7.870666494168673,8.190139963545134,496382.0,,,,,,
2023-03-22,7.841623306274414,8.1417342843711,7.841623306274414,8.103010257414958,431960.0,,,,,,
2023-03-23,7.783537864685059,8.112692600284909,7.773856625813591,7.860985929149288,344142.0,,,,,,
2023-03-24,7.793218612670898,7.841623880725489,7.638322031872315,7.706089314823373,354210.0,,,,,,
2023-03-27,8.132052421569824,8.170776445548592,7.831941466547758,7.870665490526527,512218.0,,,,,,
2023-03-28,8.103011131286621,8.11269236988314,7.904550356326633,8.083649577347312,505249.0,,,,,,
2023-03-29,8.219182014465332,8.286949751408898,8.035243124483864,8.103009938173837,512610.0,,,,,,
2023-03-30,8.311152458190918,8.325674314885926,8.161096965357103,8.190139755493469,309765.0,,,,,,
2023-03-31,8.577381134033203,8.587062373070546,8.364399414734269,8.374079730517842,570420.0,,,,,,
2023-04-03,8.461207389831543,8.635465965599263,8.257906025853734,8.587060703080054,451105.0,,,,,,
2023-04-04,8.093329429626465,8.519294670964197,7.841623703294543,8.451526927919659,430944.0,,,,,,
2023-04-05,8.03524398803711,8.16109731502517,7.977157482021969,8.054605541206362,425161.0,,,,,,
2023-04-06,7.802899837493896,8.064286807332596,7.759335188645164,8.064286807332596,409763.0,,,,,,
2023-04-10,7.938432693481445,8.015880745261471,7.685951915423058,7.77385535263549,1179983.0,,,,,,
2023-04-11,7.860983848571777,7.993130046756099,7.802898277224072,7.967474678211578,339387.0,,,,,,
2023-04-12,7.657684803009033,7.948115516764581,7.657684803009033,7.899710243929692,346124.0,,,,,,
2023-04-13,7.735132694244385,7.899710064186075,7.638322612404238,7.667365867769724,368722.0,,,,,,
2023-04-14,7.706089496612549,7.831942827221929,7.638322212062839,7.754494765809037,316248.0,,,,,,
2023-04-17,7.783537864685059,7.793219103556526,7.580236464653018,7.657684529117247,333235.0,,,,,,
2023-04-18,7.91907262802124,7.9481154220746575,7.7351327780907875,7.7932192894513985,490827.0,,,,,,
2023-04-19,7.841623306274414,7.875506714454334,7.754494014809689,7.86098485812567,528755.0,,,,,,
2023-04-20,7.851303577423096,7.923911935413736,7.77869614268608,7.8319420256782495,366540.0,,,,,,
2023-04-21,7.802899837493896,7.92391254579511,7.754494569522672,7.841623867220137,353276.0,,,,,,
2023-04-24,7.802899837493896,7.919071926672618,7.725451316414567,7.802899837493896,280878.0,,,,,,
2023-04-25,7.648003578186035,7.715770402239809,7.580236292505395,7.715770402239809,357574.0,,,,,,
2023-04-26,7.686727046966553,7.914231060733308,7.52214969494919,7.628641004188689,700669.0,,,,,,
2023-04-27,7.541511535644531,7.731549911266015,7.35757217360115,7.686726870060551,360229.0,,,,,,
2023-04-28,7.396296977996826,7.58023635935775,7.3188489146084095,7.522150311816438,523943.0,,,,,,
2023-05-01,7.396296977996826,7.5415123276635425,7.299486898761305,7.396296977996826,385344.0,,,,,,
2023-05-02,7.067142486572266,7.35757271515457,7.0477804713334455,7.35757271515457,413649.0,,,,,,
2023-05-03,7.038098335266113,7.212356450190729,7.018736322496712,7.096184373574318,454957.0,,,,,,
2023-05-04,6.931607723236084,7.081663683334896,6.892883693848038,7.009055782012176,335627.0,,,,,,
2023-05-05,7.009056091308594,7.144590661774484,6.965491902544769,7.047780584032322,370269.0,,,,,,
2023-05-08,7.028418064117432,7.236559600919914,6.950969545854624,7.057460854542509,387984.0,,,,,,
2023-05-09,7.773855686187744,7.909099419347394,7.163952021437551,7.163952021437551,1036079.0,,,,,,
2023-05-10,8.43216609954834,8.441847338422718,7.822261899268858,7.860985931512615,668415.0,,,,,,
2023-05-11,8.558019638061523,8.596743671223413,8.345036994044243,8.441847538575855,565501.0,,,,,,
2023-05-12,8.70323371887207,8.722596195271779,8.199821334777612,8.577380392035034,419727.0,,,,,,
2023-05-15,8.974302291870117,9.06627127929873,8.67419038907977,8.722595653820617,604214.0,,,,,,
2023-05-16,8.829085350036621,9.025996859354429,8.80972380060909,8.935576180021823,450902.0,,,,,,
2023-05-17,8.993663787841797,9.080793079182342,8.732276837073789,8.84844891777664,553692.0,,,,,,
2023-05-18,8.906536102294922,9.04691130215317,8.703234693597532,8.974303854029914,543264.0,,,,,,
2023-05-19,8.983983039855957,9.003345515988341,8.734019492600861,9.003345515988341,488010.0,,,,,,
2023-05-22,9.119516372680664,9.25505091756095,8.877490993200293,9.003344301320512,655565.0,,,,,,
2023-05-23,8.916215896606445,9.264732145069386,8.838767841392459,9.06143076931926,510047.0,,,,,,
2023-05-24,8.954940795898438,8.974303273213524,8.838768701769123,8.87749273314556,362608.0,,,,,,
2023-05-25,9.051752090454102,9.18728574994186,8.877493473108341,8.94526030285222,446916.0,,,,,,
2023-05-26,9.51893711090088,9.528670398469371,9.090682668278417,9.090682668278417,334899.0,,,,,,
2023-05-30,9.509204864501951,9.879060514324056,9.226945090967218,9.528670511652768,760771.0,,,,,,
2023-05-31,9.548136711120604,9.616267865792306,9.188012506725528,9.402140186258915,2329352.0,,,,,,
2023-06-01,9.58707046508789,9.640601697367904,8.9836195509817,9.470272855235551,784770.0,,,,,,
2023-06-02,10.287849426269531,10.31218264574326,9.70386608216124,9.71359844173332,719888.0,,,,,,
2023-06-05,9.781730651855469,10.346248355747624,9.68751472683983,10.346248355747624,630677.0,,,,,,
2023-06-06,10.10292148590088,10.248917088234077,9.684399397826864,9.733064908010396,527685.0,,,,,,
2023-06-07,10.307315826416016,10.45331142790386,10.171052584334602,10.171052584334602,610924.0,,,,,,
2023-06-08,10.25865077972412,10.394914027958242,10.18078633165246,10.25865077972412,419906.0,,,,,,
2023-06-09,10.11265468597412,10.346248018970552,10.08345482318652,10.248916999446674,391901.0,,,,,,
2023-06-12,10.297582626342772,10.40464600646296,9.976391557764812,10.083454937884998,458007.0,,,,,,
2023-06-13,10.355981826782228,10.540909659306266,10.2106666017641,10.297583026490852,514100.0,,,,,,
2023-06-14,10.48251247406006,10.511711412010175,10.326782639151926,10.40464709249724,663701.0,,,,,,
2023-06-15,10.365715026855469,10.628508257141515,10.258651633896813,10.55064380258658,586972.0,,,,,,
2023-06-16,10.365715026855469,10.55064380258658,10.27325156720743,10.531177224839087,1910600.0,,,,,,
2023-06-20,10.492243766784668,10.52144362998066,10.248917142789177,10.365713810920925,567328.0,,,,,,
2023-06-21,10.424112319946287,10.609040140637582,10.404645745022268,10.463044541576949,425284.0,,,,,,
2023-06-22,10.424112319946287,10.424112319946287,10.424112319946287,10.424112319946287,0.0,,,,,,
2023-06-23,10.093188285827637,10.219718242116116,9.888793883856618,10.151587084198246,3861253.0,,,,,,
2023-06-26,10.054256439208984,10.268384136957168,10.0153242149109,10.229451912659083,424861.0,,,,,,
2023-06-27,10.1807861328125,10.258650579363396,10.032356741506913,10.05425617511294,373501.0,,,,,,
2023-06-28,10.268383979797363,10.287849627539757,10.122387444750974,10.122387444750974,340765.0,,,,,,
2023-06-29,10.64797306060791,10.657706348708272,10.268384106868243,10.268384106868243,631837.0,,,,,,
2023-06-30,10.716105461120604,10.925366520284348,10.638241010485372,10.706372172736833,645596.0,,,,,,
2023-07-03,10.657706260681152,10.842635020190832,10.550642877113791,10.677172836721091,159660.0,,,,,,
2023-07-05,10.48251247406006,10.579842576632954,10.307316989924349,10.579842576632954,508845.0,,,,,,
2023-07-06,10.50197696685791,10.531175901592777,10.190519187772956,10.365713724399544,403758.0,,,,,,
2023-07-07,10.609041213989258,10.735571179144705,10.472778888604529,10.531176762850134,364541.0,,,,,,
2023-07-10,10.901033401489258,10.930232338696754,10.53117679339687,10.53117679339687,479504.0,,,,,,
2023-07-11,11.008097648620604,11.027563297229934,10.793969944613163,10.930232269530876,330254.0,,,,,,
2023-07-12,11.095694541931152,11.22222450759079,11.076228893177545,11.163826633112484,464004.0,,,,,,
2023-07-13,11.455818176269531,11.494750399907954,11.09569394734233,11.12489381123422,490746.0,,,,,,
2023-07-14,11.163825988769531,11.465550488666926,11.066494965966704,11.397419329635404,396133.0,,,,,,
2023-07-17,11.4752836227417,11.59694693550538,11.163825839096248,11.163825839096248,471854.0,,,,,,
2023-07-18,11.66994571685791,11.738077808911031,11.358487907075029,11.446085648130836,431462.0,,,,,,
2023-07-19,11.465550422668455,11.786741496564533,11.319554817522029,11.69914469040713,412225.0,,,,,,
2023-07-20,11.23195743560791,11.6310129685335,11.154092986657426,11.523949583280949,438704.0,,,,,,
2023-07-21,11.280622482299805,11.407152438672266,11.15895916981291,11.339020352491763,482525.0,,,,,,
2023-07-24,11.368220329284668,11.436351487927856,11.212491436261717,11.212491436261717,282536.0,,,,,,
2023-07-25,11.397418975830078,11.494749995611498,11.275755665212,11.36822004118261,341325.0,,,,,,
2023-07-26,11.426618576049805,11.504483025123394,11.358487415164776,11.387686351513011,269994.0,,,,,,
2023-07-27,11.377952575683594,11.58234697779611,11.353620284472484,11.475283596962852,400211.0,,,,,,
2023-07-28,11.738076210021973,11.767275143657445,11.47528302265063,11.47528302265063,401146.0,,,,,,
2023-07-31,11.69914436340332,11.772142163936168,11.640745566046608,11.767275520138323,469960.0,,,,,,
2023-08-01,11.893805503845217,12.03980110527443,11.652911740447871,11.777008837058364,591387.0,,,,,,
2023-08-02,11.7672758102417,11.908404770988858,11.69914465182703,11.825673680820724,708061.0,,,,,,
2023-08-03,11.7672758102417,11.80299640110371,11.631012565194943,11.728343587116544,407304.0,,,,,,
2023-08-04,11.23195743560791,11.815941730953986,11.222224147434735,11.777009506478745,525764.0,,,,,,
2023-08-07,11.368220329284668,11.416884912191277,11.202758148393425,11.30008824242406,476994.0,,,,,,
2023-08-08,9.767129898071287,10.774501906827725,9.334008832795828,10.764769547951444,1901130.0,,,,,,
2023-08-09,9.93259334564209,10.048708709543194,9.733065575599692,9.733065575599692,677576.0,,,,,,
2023-08-10,9.854728698730469,10.141854201741,9.84499541057682,10.063989752946698,733203.0,,,,,,
2023-08-11,9.8887939453125,9.908260520962818,9.64546731898801,9.771997276062834,523250.0,,,,,,
2023-08-14,9.781730651855469,9.81092958737612,9.587069534688766,9.781730651855469,477470.0,,,,,,
2023-08-15,9.840128898620604,9.879061123540488,9.548137675830214,9.69413328722541,436111.0,,,,,,
2023-08-16,9.879060745239258,9.947192832403148,9.8157962302486,9.830396162116024,457340.0,,,,,,
2023-08-17,9.801197052001951,9.937460308589689,9.713599310496802,9.869329144404569,457646.0,,,,,,
2023-08-18,9.635734558105469,9.879061197736592,9.489738945613782,9.781731098814625,621286.0,,,,,,
2023-08-21,9.645467758178713,9.684399983034648,9.557870020198488,9.616268821591122,538176.0,,,,,,
2023-08-22,9.73306655883789,9.791465366606644,9.655202100624592,9.752533137499997,409910.0,,,,,,
2023-08-23,9.635734558105469,9.771997810457185,9.62113555378678,9.733065585244905,322299.0,,,,,,
2023-08-24,9.548136711120604,9.616267865792306,9.480004628231535,9.596801291190468,436198.0,,,,,,
2023-08-25,9.577486038208008,9.636184014040971,9.420959346617009,9.460091019514756,403051.0,,,,,,
2023-08-28,9.6264009475708,9.72422966419263,9.567702971219555,9.59705242588152,228176.0,,,,,,
2023-08-29,9.773143768310549,9.78292691914312,9.53835374616454,9.606833936047304,241008.0,,,,,,
2023-08-30,9.870973587036133,9.929670627134952,9.685097449787069,9.734012271851173,336418.0,,,,,,
2023-08-31,9.841625213623049,10.007934118362725,9.822058911316825,9.870973734109738,628418.0,,,,,,
2023-09-01,9.792710304260254,9.998151811796228,9.714446961672516,9.88075679791462,519436.0,,,,,,
2023-09-05,9.479656219482422,9.67531551343517,9.254649337598485,9.665532362143,480235.0,,,,,,
2023-09-06,9.411175727844238,9.616617233599548,9.332912385934849,9.528570740708323,355554.0,,,,,,
2023-09-07,9.137253761291504,9.303563591180136,9.03942412030786,9.303563591180136,521791.0,,,,,,
2023-09-08,9.147038459777832,9.264433489039352,8.98072860174749,9.137255307429516,395333.0,,,,,,
2023-09-11,9.107905387878418,9.243300239829932,9.08833908617966,9.186168728728218,342977.0,,,,,,
2023-09-12,9.460091590881348,9.577486616664974,9.01007685889108,9.396502035473926,602755.0,,,,,,
2023-09-13,9.303564071655272,9.479656128358323,9.220409152416488,9.460090758934715,470547.0,,,,,,
2023-09-14,9.577486038208008,9.665532535471115,9.362261370784044,9.391610825186865,434139.0,,,,,,
2023-09-15,9.73401165008545,9.910104625079123,9.548136457681904,9.548136457681904,2338201.0,,,,,,
2023-09-18,9.704663276672363,9.759839275360909,9.587268269249623,9.714446427200738,538529.0,,,,,,
2023-09-19,9.782928466796877,9.807385414774762,9.58727008405549,9.685098808939802,412514.0,,,,,,
2023-09-20,9.685097694396973,9.880756987595015,9.645966022351896,9.77314418974156,356459.0,,,,,,
2023-09-21,10.076415061950684,10.105763581908706,9.62640037971296,9.675315201624748,547880.0,,,,,,
2023-09-22,10.164461135864258,10.193809654612666,9.949236488106552,10.0274998267507,779942.0,,,,,,
2023-09-25,10.28185749053955,10.306314437204476,10.076415966446952,10.164462467197025,435896.0,,,,,,
2023-09-26,10.01771640777588,10.301421236002865,9.968801589190695,10.26228956772923,472759.0,,,,,,
2023-09-27,10.340553283691406,10.438382924451332,10.05684844505474,10.05684844505474,431038.0,,,,,,
2023-09-28,10.369902610778809,10.51175456190198,10.25152891482039,10.320987790988111,678557.0,,,,,,
2023-09-29,10.448166847229004,10.536213343824947,10.320988678031824,10.369903502026537,573325.0,,,,,,
2023-10-02,10.49708080291748,10.609585178690187,10.409035238751803,10.526430257278712,589010.0,,,,,,
2023-10-03,8.760611534118652,10.37968578014392,8.643216515639775,10.37968578014392,1185823.0,,,,,,
2023-10-04,9.005184173583984,9.09812224074582,8.447557636558207,8.726370905071096,1005674.0,,,,,,
2023-10-05,8.39375114440918,9.058990467313787,8.383967993667028,9.019858797317788,928145.0,,,,,,
2023-10-06,8.833983421325684,9.066524064255876,8.256790539745598,8.256790539745598,827932.0,,,,,,
2023-10-09,8.892681121826172,8.970944466088694,8.520929770092863,8.74593665160445,455332.0,,,,,,
2023-10-10,8.66767406463623,9.078557124399635,8.657891845478236,8.961162097749053,600349.0,,,,,,
2023-10-11,8.579628944396973,8.775287332410626,8.530714114150364,8.677457671917406,609739.0,,,,,,
2023-10-12,8.344837188720703,8.638325210600813,8.183418916632547,8.638325210600813,507630.0,,,,,,
2023-10-13,8.266572952270508,8.418208056307302,8.041566083891563,8.30570462211783,470832.0,,,,,,
2023-10-16,8.325271606445312,8.472015147166909,8.315488454937825,8.315488454937825,402332.0,,,,,,
2023-10-17,8.462231636047363,8.496472664868458,8.21775641871675,8.3154881015618,598962.0,,,,,,
2023-10-18,8.354619026184082,8.452448662411781,8.251898747820299,8.364402176401363,271579.0,,,,,,
2023-10-19,8.178526878356934,8.364403019326778,8.178526878356934,8.364403019326778,462660.0,,,,,,
2023-10-20,8.247007369995117,8.29592125630652,8.12961236349711,8.207875701162449,491828.0,,,,,,
2023-10-23,8.335055351257324,8.44266722658166,8.207877171525249,8.207877171525249,371340.0,,,,,,
2023-10-24,8.413318634033203,8.462232528706432,8.227442475573078,8.354620654263496,355296.0,,,,,,
2023-10-25,8.227441787719727,8.415763251979847,8.198093266774917,8.37418625838909,453134.0,,,,,,
2023-10-26,8.178526878356934,8.335054498689885,8.041566493402994,8.266573373240266,458710.0,,,,,,
2023-10-27,8.090481758117676,8.100263976882234,7.933954129239649,8.031783780666828,490689.0,,,,,,
2023-10-30,8.188310623168945,8.276259162299874,7.963303727019875,8.178527471256539,358009.0,,,,,,
2023-10-31,8.247007369995117,8.339944500364846,8.110046062594485,8.198092550711136,340083.0,,,,,,
2023-11-01,8.286138534545898,8.300812326357264,8.100262419173426,8.286138534545898,424524.0,,,,,,
2023-11-02,8.608975410461426,8.643215503553469,8.421044880986868,8.491580405729039,387550.0,,,,,,
2023-11-03,8.88289737701416,8.922029046530728,8.721479123636746,8.775285519086749,438623.0,,,,,,
2023-11-06,8.716588020324707,8.89268100917091,8.648107828205694,8.882897858018866,417584.0,,,,,,
2023-11-07,9.147038459777832,9.494234009248563,8.765503914948324,8.765503914948324,631635.0,,,,,,
2023-11-08,9.039424896240234,9.342696062943846,8.863332833515807,9.15681991571408,423247.0,,,,,,
2023-11-09,8.775285720825195,9.195950944555983,8.745936268283598,9.08833908415464,402677.0,,,,,,
2023-11-10,9.06877326965332,9.18616827513126,8.785067506865923,8.843765476091177,438934.0,,,,,,
2023-11-13,8.922028541564941,9.039423543470363,8.80463353965952,9.039423543470363,327699.0,,,,,,
2023-11-14,9.685097694396973,9.694880845651406,9.205734478601606,9.205734478601606,811291.0,,,,,,
2023-11-15,9.53835391998291,9.831841919499988,9.469873728852225,9.714446906287682,482668.0,,,,,,
2023-11-16,9.53835391998291,9.54813707099376,9.342695564629068,9.489439097901291,364943.0,,,,,,
2023-11-17,9.665532112121582,9.719338509864023,9.528570796492012,9.597051920793112,488151.0,,,,,,
2023-11-20,9.694881439208984,9.851408136972456,9.557921045152302,9.66553291662151,551370.0,,,,,,
2023-11-21,9.587267875671388,9.7389029707459,9.499221390475686,9.69487972814805,299722.0,,,,,,
2023-11-22,9.645966529846191,9.831842681569132,9.548137811072852,9.694881355719213,294733.0,,,,,,
2023-11-24,9.577136039733888,9.734460510063572,9.55747094980658,9.685297316381403,121783.0,,,,,,
2023-11-27,9.586969375610352,9.695129718163418,9.439477914153636,9.557471270864577,345827.0,,,,,,
2023-11-28,9.468975067138672,9.69512874367116,9.439476965357857,9.69512874367116,398006.0,,,,,,
2023-11-29,9.409978866577148,9.675464622328676,9.341149642965052,9.586969370411502,468617.0,,,,,,
2023-11-30,9.036333084106444,9.434561731649865,8.957670843592952,9.429645224401789,857825.0,,,,,,
2023-12-01,9.380480766296388,9.409978871040154,8.898674325327516,9.036332772616998,599537.0,,,,,,
2023-12-04,9.459142684936523,9.49847380251042,9.287068693902793,9.321483304563976,421210.0,,,,,,
2023-12-05,9.41489601135254,9.56730399012859,9.242822002939368,9.459143640308152,621853.0,,,,,,
2023-12-06,9.311652183532717,9.660715770587412,9.311652183532717,9.518140806406503,469489.0,,,,,,
2023-12-07,9.508307456970217,9.5673036684421,9.301818841362866,9.350982976074686,328316.0,,,,,,
2023-12-08,9.724629402160645,9.744294494045832,9.460127305323144,9.47880965836442,270339.0,,,,,,
2023-12-11,9.960615158081056,9.980280248045126,9.70496242445343,9.744293542109387,519509.0,,,,,,
2023-12-12,10.147439002990724,10.186770125570998,9.881954160005836,9.931118297663163,594226.0,,,,,,
2023-12-13,10.501420021057127,10.501420021057127,9.901619230855042,10.176938026044953,727440.0,,,,,,
2023-12-14,10.79640293121338,10.816068961252332,10.501419982452472,10.609580334482944,919723.0,,,,,,
2023-12-15,10.92422866821289,10.983225817118075,10.668576856898072,10.884897548185393,3849754.0,,,,,,
2023-12-18,11.14055061340332,11.229045870408711,10.80623561481758,10.94389500768462,520711.0,,,,,,
2023-12-19,11.317541122436523,11.406036379402993,11.160216637930755,11.209379836042888,590688.0,,,,,,
2023-12-20,11.268376350402832,11.750182791431737,11.229045231496958,11.297874455150277,620475.0,,,,,,
2023-12-21,11.59285831451416,11.59285831451416,11.317540482203782,11.347038586947932,354250.0,,,,,,
2023-12-22,11.671521186828612,11.72068532256019,11.484698596322094,11.6911872162124,476880.0,,,,,,
2023-12-26,11.986169815063477,12.02550093498722,11.66168784126062,11.701018961184364,387363.0,,,,,,
2023-12-27,12.330317497253418,12.502391494095912,12.025500622470044,12.04516665078477,564681.0,,,,,,
2023-12-28,12.340150833129885,12.458144192910916,12.1631603245944,12.290986698789151,305871.0,,,,,,
2023-12-29,12.182826042175291,12.35981560846118,12.035333642921236,12.340150517864013,416378.0,,,,,,
2024-01-02,12.320484161376951,12.330317175277552,11.897674878657208,12.035333322354315,706607.0,,,,,,
2024-01-03,12.231988906860352,12.35981527433382,12.025500303669029,12.192657789001425,555095.0,,,,,,
2024-01-04,12.06483268737793,12.217240656010274,11.769848826549511,12.074664763814198,574546.0,,,,,,
2024-01-05,11.907505989074709,12.24182093275799,11.828843759705434,11.946837103759345,486686.0,,,,,,
2024-01-08,11.868175506591797,11.966503767405074,11.79934628665918,11.878008520218684,642120.0,,,,,,
2024-01-09,11.602691650390623,11.760016130358846,11.56827703761356,11.72068501036679,373570.0,,,,,,
2024-01-10,11.602691650390623,11.64693927759767,11.47496373741068,11.524029410406516,456497.0,,,,,,
2024-01-11,11.17988109588623,11.671520550961583,10.953727396660932,11.64202244622086,532557.0,,,,,,
2024-01-12,11.101218223571776,11.338385522750992,11.03730551066534,11.209378559924131,276021.0,,,,,,
2024-01-16,10.98322582244873,11.090403429337243,10.92422867351491,10.9635597935615,340869.0,,,,,,
2024-01-17,10.73740577697754,10.825901028953218,10.560415273026178,10.816068014794178,377421.0,,,,,,
2024-01-18,11.061887741088867,11.061887741088867,10.79640198519337,10.845566118254888,356485.0,,,,,,
2024-01-19,11.219212532043455,11.28804175762747,10.92422866311103,11.160216320893692,405015.0,,,,,,
2024-01-22,11.69118595123291,11.745265650731149,11.278208756136186,11.307706859292296,478135.0,,,,,,
2024-01-23,11.878008842468262,11.92717297420872,11.60269101754064,11.799346606774655,436483.0,,,,,,
2024-01-24,11.976338386535645,12.245264687414922,11.89767614243097,12.113996844854864,433582.0,,,,,,
2024-01-25,11.927173614501951,12.19265843978809,11.828845345742426,12.19265843978809,420297.0,,,,,,
2024-01-26,11.927173614501951,12.153327319829852,11.799347240205714,12.015668868839954,270836.0,,,,,,
2024-01-29,12.104164123535156,12.143495243494554,11.799347240553915,11.85834438935695,306410.0,,,,,,
2024-01-30,12.261488914489746,12.428646412990528,12.05008378769594,12.113996507603702,484718.0,,,,,,
2024-01-31,11.937006950378418,12.369649281569776,11.927173935692096,12.26148893320391,547246.0,,,,,,
2024-02-01,12.320484161376951,12.320484161376951,11.97633711440636,11.99600220447974,505735.0,,,,,,
2024-02-02,12.320484161376951,12.399146397126106,12.071222979136468,12.172992703779244,295481.0,,,,,,
2024-02-05,12.290987014770508,12.408980377584957,11.937006926327156,12.172993651956055,401787.0,,,,,,
2024-02-06,12.458144187927246,12.47780927901895,12.192756886656223,12.24182255955129,415599.0,,,,,,
2024-02-07,12.625301361083984,12.65479946583572,12.379481633454551,12.507308004349198,417186.0,,,,,,
2024-02-08,12.7334623336792,12.880954740191124,12.46797750232236,12.644967077317624,500571.0,,,,,,
2024-02-09,12.861289024353027,12.905536653612216,12.58734775621471,12.802292810492718,647454.0,,,,,,
2024-02-12,12.684297561645508,13.166104940132696,12.674465485220423,12.97928142213844,738360.0,,,,,,
2024-02-13,11.494529724121094,12.261487927654894,11.42570050241722,12.241821899895037,840858.0,,,,,,
2024-02-14,11.681353569030762,11.848511058830605,11.592858317051098,11.710851673781368,522694.0,,,,,,
2024-02-15,12.16316032409668,12.310652727112837,11.701018961677317,11.701018961677317,606007.0,,,,,,
2024-02-16,11.917340278625488,12.172993020322064,11.878009159728157,12.143494915581025,724554.0,,,,,,
2024-02-20,11.661686897277832,11.843593898280174,11.524028457551749,11.760015157991711,633066.0,,,,,,
2024-02-21,11.661686897277832,11.927172638568637,10.648909937927142,11.32737287385178,1124090.0,,,,,,
2024-02-22,10.855399131774902,11.76984881839076,10.816068012873568,11.740349775918876,785063.0,,,,,,
2024-02-23,11.170048713684082,11.430617977197947,10.88489785111686,10.983226122786068,546041.0,,,,,,
2024-02-26,11.061887741088867,11.101218859992514,10.884897237158537,11.101218859992514,559555.0,,,,,,
2024-02-27,11.366704940795898,11.445367180851688,11.111052191750652,11.140550297339605,509970.0,,,,,,
2024-02-28,11.199546813964844,11.347038271310716,11.061887432774965,11.209378890120837,392242.0,,,,,,
2024-02-29,11.150382995605469,11.327373499576298,11.04713822237987,11.27820936650353,852124.0,,,,,,
2024-03-01,11.337206840515137,11.347039855771994,10.993059746076655,11.199548377830922,548719.0,,,,,,
2024-03-04,11.39620304107666,11.83867837561634,11.29787477218879,11.337205892198364,691406.0,,,,,,
2024-03-05,11.101218223571776,11.337204923464798,10.963558846436957,11.189713470463609,705476.0,,,,,,
2024-03-06,10.855399131774902,11.219212216044218,10.7128241774055,11.1208848876548,607318.0,,,,,,
2024-03-07,11.120884895324709,11.21921222378194,10.855399139261708,10.904563272354244,564240.0,,,,,,
2024-03-08,11.219212532043455,11.292663818293732,10.973392797554414,11.179881412034325,528705.0,,,,,,
2024-03-11,10.883427619934082,11.229089442184378,10.863675031422789,11.189585207017052,467702.0,,,,,,
2024-03-12,10.903178215026855,11.001939264347737,10.774789227651777,10.893301921723731,393928.0,,,,,,
2024-03-13,10.883427619934082,11.021691972092096,10.774790266832488,10.873551325678436,475763.0,,,,,,
2024-03-14,10.735284805297852,10.8636737903887,10.606895820207004,10.834045852861628,482170.0,,,,,,
2024-03-15,11.011815071105955,11.105637977654611,10.626649034910264,10.626649034910264,2100101.0,,,,,,
2024-03-18,10.80441665649414,11.278369457507,10.774788719836309,10.962434516331207,422179.0,,,,,,
2024-03-19,10.774789810180664,10.873550864840968,10.685905049357434,10.804417749836666,318522.0,,,,,,
2024-03-20,10.65627670288086,10.804417337360588,10.611834324165905,10.73528516685074,667306.0,,,,,,
2024-03-21,10.883427619934082,10.98218773692477,10.725409737409514,10.745162325920807,897212.0,,,,,,
2024-03-22,10.44887924194336,10.95255890577866,10.439002948490469,10.95255890577866,390093.0,,,,,,
2024-03-25,10.458755493164062,10.547640250170812,10.379747029570328,10.478507138134908,353441.0,,,,,,
2024-03-26,10.439002990722656,10.587144567549814,10.364932673236671,10.53776404194076,341993.0,,,,,,
2024-03-27,10.676029205322266,10.794541900339304,10.552578363614288,10.587144448595692,462966.0,,,,,,
2024-03-28,10.78466510772705,10.824169337570716,10.656276125271356,10.70565664803972,670716.0,,,,,,
2024-04-01,10.666152954101562,10.76491306274522,10.537763965195149,10.74516141775856,368194.0,,,,,,
2024-04-02,10.518012046813965,10.53776463491116,10.35999510945738,10.53776463491116,594344.0,,,,,,
2024-04-03,10.567391395568848,10.624178667226282,10.409374475851616,10.409374475851616,400774.0,,,,,,
2024-04-04,10.646400451660156,10.90317843150862,10.6167725130177,10.695780977301045,647567.0,,,,,,
2024-04-05,10.55751609802246,10.71553397449331,10.527888158245837,10.636525507185498,390654.0,,,,,,
2024-04-08,10.611835479736328,10.656277863290814,10.527888859895109,10.59702103793307,308952.0,,,,,,
2024-04-09,10.62664794921875,10.666152178173444,10.439002155292622,10.656275885470992,349473.0,,,,,,
2024-04-10,10.29086208343506,10.458755300949951,10.20197732806186,10.38962313203976,449144.0,,,,,,
2024-04-11,10.280986785888672,10.340243609161384,10.083465611405057,10.320491020785395,347755.0,,,,,,
2024-04-12,10.073588371276855,10.236543442655776,10.039022286719987,10.201977358098908,381703.0,,,,,,
2024-04-15,10.063713073730469,10.172350426635218,9.955076662680977,10.12296989730172,469222.0,,,,,,
2024-04-16,9.945199966430664,10.05383731494399,9.737802505097756,10.024208433428418,459993.0,,,,,,
2024-04-17,9.767431259155272,10.113093062296,9.757554965445628,10.043960890038896,412975.0,,,,,,
2024-04-18,9.609413146972656,9.925447944854552,9.579785208433949,9.806935248844535,409056.0,,,,,,
2024-04-19,9.816810607910156,9.8711292801517,9.579785215710094,9.579785215710094,483114.0,,,,,,
2024-04-22,9.846439361572266,9.984703700981484,9.816810481537283,9.905695237931882,473651.0,,,,,,
2024-04-23,10.251358032226562,10.35989553931988,9.895819946350938,9.895819946350938,450112.0,,,,,,
2024-04-24,10.132844924926758,10.241481322396623,10.073588108762651,10.231605029393416,325004.0,,,,,,
2024-04-25,10.024208068847656,10.073588594389086,9.885943727557876,10.004456423744196,373130.0,,,,,,
2024-04-26,10.009394645690918,10.142721783097995,9.96001411977846,10.063712376524949,271026.0,,,,,,
2024-04-29,10.132844924926758,10.241481322396623,10.053836464611376,10.053836464611376,259506.0,,,,,,
2024-04-30,9.718050956726074,10.231605997361273,9.698298368850953,10.231605997361273,484230.0,,,,,,
2024-05-01,9.678545951843262,9.994579797828298,9.648918014245954,9.78718235093683,356711.0,,,,,,
2024-05-02,9.885944366455078,9.915572306952622,9.727927427994516,9.797059603107202,275905.0,,,,,,
2024-05-03,9.80693531036377,10.122969168372972,9.777306429784014,10.122969168372972,453713.0,,,,,,
2024-05-06,9.866191864013672,9.960014775236209,9.797059688299834,9.895820746624109,469794.0,,,,,,
2024-05-07,10.893301963806152,11.03650539168913,10.182225796627424,10.369870660835794,981848.0,,,,,,
2024-05-08,11.05132007598877,11.071072664791377,10.508137069890967,10.755038778791889,724201.0,,,,,,
2024-05-09,11.09082317352295,11.135265551912555,10.88342666351168,10.98218677182345,528359.0,,,,,,
2024-05-10,11.110575675964355,11.14514176070386,10.903178225672148,11.090823089338826,465964.0,,,,,,
2024-05-13,10.992063522338867,11.240841391759904,10.972310934741955,11.238965216168973,367381.0,,,,,,
2024-05-14,11.169833183288574,11.229089063111568,11.051319539932129,11.229089063111568,346090.0,,,,,,
2024-05-15,11.466114044189451,11.495742924865908,11.209337004646525,11.278469175847867,418133.0,,,,,,
2024-05-16,11.43648624420166,11.495743064418727,11.332787986140795,11.426609950522948,316201.0,,,,,,
2024-05-17,11.485867500305176,11.564875971042964,11.337725911280376,11.485867500305176,392298.0,,,,,,
2024-05-20,11.327850341796877,11.490805427303378,11.298221459446422,11.436486751516128,239657.0,,,,,,
2024-05-21,11.63400650024414,11.668572583565886,11.2537786418498,11.298220076224093,302163.0,,,,,,
2024-05-22,11.584627151489258,11.61425603321474,11.451300951145498,11.61425603321474,436770.0,,,,,,
2024-05-23,11.624131202697754,11.66363543265518,11.466113341012916,11.594502323838332,368372.0,,,,,,
2024-05-24,11.70347785949707,11.852250502380624,11.594377038567297,11.70347785949707,436102.0,,,,,,
2024-05-28,11.505112648010254,11.762985135190684,11.3761759314834,11.733230799337804,277747.0,,,,,,
2024-05-29,11.35633945465088,11.425767501780784,11.187729969422032,11.326585117808529,374235.0,,,,,,
2024-05-30,11.723313331604004,11.743150187711684,11.346421578418344,11.465440823317698,451865.0,,,,,,
2024-05-31,11.733231544494627,11.90184103482451,11.400971777770843,11.743149972366584,607275.0,,,,,,
2024-06-03,11.67372226715088,11.802658039345433,11.33154409019672,11.743149366928453,500852.0,,,,,,
2024-06-04,11.59437656402588,11.614213420064267,11.41584958904715,11.554703797822455,546479.0,,,,,,
2024-06-05,11.79274082183838,11.868911999907066,11.564621716804734,11.61421290884451,353077.0,,,,,,
2024-06-06,11.772904396057127,11.8820042658251,11.68364043630454,11.68364043630454,277899.0,,,,,,
2024-06-07,11.51503086090088,11.703477206978317,11.44560375754253,11.65388601349092,313270.0,,,,,,
2024-06-10,11.415849685668944,11.435685596001866,11.267175418445197,11.326585724487389,332008.0,,,,,,
2024-06-11,11.177812576293944,11.296830870479738,11.108384528613907,11.296830870479738,382381.0,,,,,,
2024-06-12,11.415849685668944,11.663804713007332,11.227403335202688,11.663804713007332,593350.0,,,,,,
2024-06-13,10.999284744262695,11.346421201763318,10.92003853091216,11.346421201763318,345112.0,,,,,,
2024-06-14,10.850510597229004,10.979447313269786,10.75132916280221,10.87034745163833,313374.0,,,,,,
2024-06-17,10.87034797668457,10.905061527704303,10.612474532147518,10.741411254416043,412316.0,,,,,,
2024-06-18,10.65214729309082,10.880266400366091,10.63231138360398,10.880266400366091,508861.0,,,,,,
2024-06-20,10.929858207702637,11.128222043095718,10.612475125200328,10.622393553438329,681462.0,,,,,,
2024-06-21,10.979448318481444,11.177813097242666,10.761248575241488,10.910021213439038,2701976.0,,,,,,
2024-06-24,10.69182014465332,11.247239802889425,10.681902662766127,11.247239802889425,618009.0,,,,,,
2024-06-25,10.939775466918944,10.964571537008156,10.582720570494564,10.642229246961948,666690.0,,,,,,
2024-06-26,10.741412162780762,10.91002166416962,10.672877013490783,10.89018480712462,350000.0,,,,,,
2024-06-27,10.820756912231444,10.92489851239676,10.771165719099072,10.880266533164958,352096.0,,,,,,
2024-06-28,11.093507766723633,11.187729991220213,10.90506142598384,10.91993906737066,1225964.0,,,,,,
2024-07-01,11.10838508605957,11.143098638704938,10.949694019181678,11.08854917563652,467352.0,,,,,,
2024-07-02,11.078630447387695,11.227403082087388,10.979448060339005,11.128221640912042,332967.0,,,,,,
2024-07-03,11.06871223449707,11.20756738988757,11.029039468081692,11.157976195400009,180293.0,,,,,,
2024-07-05,11.177812576293944,11.197648485721585,10.949693469699517,11.029038999156713,332744.0,,,,,,
2024-07-08,11.10838508605957,11.316667347805147,11.073671533414204,11.187730619498517,334202.0,,,,,,
2024-07-09,10.979448318481444,11.118303474439626,10.954653194072977,11.06871227974932,219216.0,,,,,,
2024-07-10,11.058794021606444,11.088549306401976,10.920039126092414,10.999285343762145,340473.0,,,,,,
2024-07-11,11.237321853637695,11.33650424371968,11.108385124880463,11.33650424371968,471668.0,,,,,,
2024-07-12,11.22740364074707,11.386094711222544,11.148058105509334,11.366258800349804,386158.0,,,,,,
2024-07-15,11.336503982543944,11.455522280376304,11.24724002270134,11.435685424467568,476575.0,,,,,,
2024-07-16,11.83241367340088,11.872086438150092,11.48031705861246,11.515030609533856,627646.0,,,,,,
2024-07-17,11.753068923950195,11.812577602086929,11.594376908547678,11.78282326301856,476468.0,,,,,,
2024-07-18,11.614212989807127,12.00102315536586,11.57949943889929,11.70347694692632,416352.0,,,,,,
2024-07-19,11.276994705200195,11.693559233276057,11.267076276942822,11.663804894377316,382996.0,,,,,,
2024-07-22,11.46544075012207,11.495195088220276,11.177812959510469,11.267075973805088,334595.0,,,,,,
2024-07-23,11.713396072387695,11.79274160658203,11.386094561494335,11.485276952173946,352679.0,,,,,,
2024-07-24,11.28691291809082,11.74315020461728,11.276994490022702,11.604295049283712,417191.0,,,,,,
2024-07-25,11.35633945465088,11.573350223236687,11.217485252137696,11.366257882222769,483401.0,,,,,,
2024-07-26,11.46544075012207,11.524949426318482,11.26360461859574,11.386094272071263,733496.0,,,,,,
2024-07-29,11.485276222229004,11.753068092520447,11.386093837852917,11.47535779461673,1009635.0,,,,,,
2024-07-30,11.455522537231444,11.624132032742844,11.217485936229483,11.485276875888347,419219.0,,,,,,
2024-07-31,11.653885841369627,12.00191520333008,11.485276353526755,11.594376220889009,525539.0,,,,,,
2024-08-01,11.00920295715332,11.688599163183252,10.949693337840394,11.673722467760005,554588.0,,,,,,
2024-08-02,10.424029350280762,10.642229088578278,10.305011053243932,10.582720412996537,605686.0,,,,,,
2024-08-05,9.848773956298828,9.95787382745593,9.600918246475638,9.799182761818924,602360.0,,,,,,
2024-08-06,9.719836235046388,9.942995168575605,9.690081899750476,9.918200046807891,569280.0,,,,,,
2024-08-07,10.384356498718262,11.05879350968238,10.22566543731494,10.681902711786158,639410.0,,,,,,
2024-08-08,10.939775466918944,10.939775466918944,10.433947933452746,10.503375037955813,633610.0,,,,,,
2024-08-09,10.999284744262695,11.058793418863566,10.815797614851132,10.91002078648806,694695.0,,,,,,
2024-08-12,10.701738357543944,11.033998113863763,10.505457348718346,11.029038900083073,474909.0,,,,,,
2024-08-13,11.187729835510254,11.276993790842177,10.872231903614429,10.890183633028284,460504.0,,,,,,
2024-08-14,11.078630447387695,11.227403082087388,10.929857812688002,11.207567172201657,238442.0,,,,,,
2024-08-15,11.70347785949707,11.772904966726276,11.281954110162474,11.396013199431426,445627.0,,,,,,
2024-08-16,11.713396072387695,11.79274160658203,11.564622486368282,11.683640787659789,392529.0,,,,,,
2024-08-19,11.733231544494627,11.986145779989451,11.672730647873044,11.782822737981066,315685.0,,,,,,
2024-08-20,11.822495460510254,11.852249798144344,11.634049115123224,11.713395591936363,482094.0,,,,,,
2024-08-21,11.872087478637695,11.891923389814089,11.678681905895772,11.891923389814089,369469.0,,,,,,
2024-08-22,11.70347785949707,11.872087359230909,11.683641002646786,11.822496162978592,297795.0,,,,,,
2024-08-23,11.971267700195312,12.13987718435637,11.723312687708262,11.852249407706324,435460.0,,,,,,
2024-08-26,12.090286254882812,12.12995901990618,11.862168092466783,11.862168092466783,399628.0,,,,,,
2024-08-27,12.130123138427734,12.169959300221873,11.98731017072544,12.080327698742808,239045.0,,,,,,
2024-08-28,12.209794998168944,12.229712603424842,12.010614196765085,12.100244845070089,307132.0,,,,,,
2024-08-29,12.369139671325684,12.518525035323217,12.229712635097403,12.329303510941743,551719.0,,,,,,
2024-08-30,12.548402786254885,12.56832039143271,12.359180313336164,12.408975750934191,498864.0,,,,,,
2024-09-03,12.120163917541504,12.428893935455864,12.033022610009793,12.389057773474368,482217.0,,,,,,
2024-09-04,11.851268768310549,12.060408850093392,11.562456364874144,12.01061436138666,338379.0,,,,,,
2024-09-05,11.851268768310549,12.01061436138666,11.801474279603816,11.911023484435214,292725.0,,,,,,
2024-09-06,11.46286678314209,11.858141654098446,11.373235181138408,11.831351519336888,292590.0,,,,,,
2024-09-09,11.303522109985352,11.672006845363622,10.994791142631115,11.502702919680496,465370.0,,,,,,
2024-09-10,11.303522109985352,11.373235155936396,11.074463466509174,11.373235155936396,351237.0,,,,,,
2024-09-11,11.423030853271484,11.45290773795691,11.044586831436275,11.174054598098508,242544.0,,,,,,
2024-09-12,11.482784271240234,11.632170589633848,11.398132309081223,11.502702826933652,253029.0,,,,,,
2024-09-13,11.91102409362793,11.940900978333827,11.632170953578443,11.701884001148557,290363.0,,,,,,
2024-09-16,12.040491104125977,12.070367986955334,11.831351024782512,11.911023345506786,307648.0,,,,,,
2024-09-17,12.209794998168944,12.389057244547931,12.050450357045856,12.199835720656507,326793.0,,,,,,
2024-09-18,12.199835777282717,12.647992819963791,12.115183817572037,12.15999961681704,442511.0,,,,,,
2024-09-19,12.60815715789795,12.667911875843052,12.399017069743616,12.667911875843052,342398.0,,,,,,
2024-09-20,12.468730926513672,12.73762477984374,12.42889381514876,12.578280133460142,1932688.0,,,,,,
2024-09-23,12.249631881713867,12.558361904676184,12.249631881713867,12.478689579410489,350150.0,,,,,,
2024-09-24,11.71184253692627,12.309384942012928,11.592334055908935,12.309384942012928,535296.0,,,,,,
2024-09-25,11.582375526428224,11.861228666811693,11.452907759522208,11.711843293334235,441558.0,,,,,,
2024-09-26,11.91102409362793,12.000655697514668,11.776576687797824,11.791515605035292,585710.0,,,,,,
2024-09-27,11.881146430969238,12.060408677235952,11.841310270713414,12.000654911736708,865605.0,,,,,,
2024-09-30,11.861227989196776,11.970778143272907,11.622211025379928,11.851268711595496,458969.0,,,,,,
2024-10-01,11.691924095153809,11.811432577329043,11.54453039544792,11.811432577329043,372844.0,,,,,,
2024-10-02,11.681964874267578,11.900964508459753,11.602292552430468,11.612251830102355,288307.0,,,,,,
2024-10-03,11.502702713012695,11.68196496363303,11.462866551789398,11.602292641186436,232571.0,,,,,,
2024-10-04,11.791515350341797,11.801474628284993,11.54253910037603,11.622211424383554,308396.0,,,,,,
2024-10-07,11.562456130981444,11.721801720834216,11.442947650918596,11.701883165939254,249375.0,,,,,,
2024-10-08,11.622211456298828,11.681965224584047,11.373235205649356,11.592334572156217,273337.0,,,,,,
2024-10-09,11.592334747314451,11.781556282768786,11.497723504702767,11.61225235378747,286483.0,,,,,,
2024-10-10,11.423030853271484,11.472826294259889,11.343358527597657,11.442948459805422,298210.0,,,,,,
2024-10-11,11.831351280212402,11.871187441434571,11.432988718221704,11.442947995969496,242322.0,,,,,,
2024-10-14,11.831351280212402,11.86112843794164,11.72678076339858,11.811432724716816,159430.0,,,,,,
2024-10-15,11.940900802612305,12.09028712348152,11.792212561977555,11.881147034079838,341292.0,,,,,,
2024-10-16,12.319344520568848,12.319344520568848,12.000655230068643,12.020572835840404,306837.0,,,,,,
2024-10-17,12.418935775756836,12.448812660206002,12.249631847596511,12.389057941538638,477433.0,,,,,,
2024-10-18,12.389057159423828,12.558361076896082,12.369139554304782,12.438852596874897,278601.0,,,,,,
2024-10-21,12.16995906829834,12.399016756807216,12.135102546113858,12.399016756807216,233714.0,,,,,,
2024-10-22,12.289467811584473,12.289467811584473,12.045471201358437,12.160000048037572,208396.0,,,,,,
2024-10-23,12.130123138427734,12.289467785604288,11.990696097263744,12.189876906234437,208158.0,,,,,,
2024-10-24,12.140081405639648,12.184897206154329,11.95085987550912,12.16995923916211,232223.0,,,,,,
2024-10-25,12.090287208557127,12.249631858790332,12.090287208557127,12.249631858790332,201891.0,,,,,,
2024-10-28,12.528484344482422,12.557365869508592,12.209795060606552,12.209795060606552,277683.0,,,,,,
2024-10-29,12.69778823852539,12.78741983687802,12.349221122658276,12.399016560606292,287405.0,,,,,,
2024-10-30,12.62807559967041,12.79737952425418,12.57828016012771,12.62807559967041,263069.0,,,,,,
2024-10-31,12.379098892211914,12.598197298436409,12.219754251405382,12.57827969322008,390856.0,,,,,,
2024-11-01,12.418935775756836,12.59819803222086,12.319344894567577,12.438853382133267,253493.0,,,,,,
2024-11-04,12.488648414611816,12.61811617601937,12.229712891796709,12.369139930951537,277884.0,,,,,,
2024-11-05,12.737625122070312,12.757543678287927,12.399017264523158,12.399017264523158,340394.0,,,,,,
2024-11-06,13.992465019226074,14.131891107181614,12.867092289091683,12.946764610714562,1121596.0,,,,,,
2024-11-07,14.03230094909668,14.181686312238774,13.66381623021307,13.982505511459657,818194.0,,,,,,
2024-11-08,11.47282600402832,12.817297178089472,11.263685916982938,12.60815709104409,1125852.0,,,,,,
2024-11-11,11.91102409362793,12.01061497567298,11.582375512555918,11.602293119103503,724640.0,,,,,,
2024-11-12,12.498607635498049,12.568320679873809,11.781555787029513,11.801474342433442,680630.0,,,,,,
2024-11-13,11.492743492126465,12.578280078043386,11.462866608503424,12.558361522448688,545718.0,,,,,,
2024-11-14,11.622211456298828,11.781556104751443,11.442948251905122,11.582375294185674,424053.0,,,,,,
2024-11-15,11.552497863769531,11.77159627014704,11.42303010558156,11.502702426040468,440999.0,,,,,,
2024-11-18,11.383193969726562,11.662047091929844,11.333398531890875,11.522620055943712,737335.0,,,,,,
2024-11-19,11.46286678314209,11.532579829247611,11.203931255080118,11.24376741710742,311513.0,,,,,,
2024-11-20,11.47282600402832,11.512662165857488,11.29933929606658,11.423030564299609,626951.0,,,,,,
2024-11-21,12.050450325012209,12.110204090390033,11.37323465227034,11.542538570455806,678732.0,,,,,,
2024-11-22,12.000655174255373,12.274528663284114,11.93592081881796,12.130122935361197,397439.0,,,,,,
2024-11-25,12.199835777282717,12.304804245314717,12.080327295885692,12.199835777282717,710359.0,,,,,,
2024-11-26,12.15999984741211,12.199836008633213,11.950859763559066,12.11020440844348,363707.0,,,,,,
2024-11-27,12.039999961853027,12.31999969482422,12.020000457763672,12.25,376555.0,,,,,,
2024-11-29,12.119999885559082,12.229999542236328,12.074999809265137,12.18000030517578,247205.0,,,,,,
2024-12-02,12.510000228881836,12.600000381469728,11.984999656677246,12.079999923706056,468219.0,,,,,,
2024-12-03,12.449999809265137,12.968199729919434,12.354999542236328,12.619999885559082,478082.0,,,,,,
2024-12-04,13.489999771118164,13.65999984741211,12.414999961853027,12.449999809265137,767459.0,,,,,,
2024-12-05,13.06999969482422,13.524999618530272,13.050000190734863,13.479999542236328,544731.0,,,,,,
2024-12-06,13.359999656677246,13.46500015258789,13.18000030517578,13.220000267028809,523742.0,,,,,,
2024-12-09,13.359999656677246,13.579899787902832,13.3100004196167,13.43000030517578,543223.0,,,,,,
2024-12-10,13.600000381469728,13.760000228881836,13.289999961853027,13.399999618530272,557514.0,,,,,,
2024-12-11,13.890000343322754,14.1850004196167,13.640000343322754,13.779999732971191,714263.0,,,,,,
2024-12-12,14.300000190734863,14.5,13.885000228881836,13.970000267028809,608790.0,,,,,,
2024-12-13,14.380000114440918,14.449999809265137,13.710000038146973,14.210000038146973,905491.0,,,,,,
2024-12-16,14.609999656677246,14.75,14.329999923706056,14.43000030517578,900462.0,,,,,,
2024-12-17,14.359999656677246,14.56999969482422,14.199999809265137,14.529999732971191,603689.0,,,,,,
2024-12-18,13.760000228881836,14.640000343322754,13.6899995803833,14.470000267028809,647335.0,,,,,,
2024-12-19,13.729999542236328,14.199999809265137,13.65999984741211,14.0600004196167,568532.0,,,,,,
2024-12-20,13.65999984741211,14.079999923706056,13.489999771118164,13.489999771118164,2205943.0,,,,,,
2024-12-23,13.68000030517578,13.850000381469728,13.59000015258789,13.630000114440918,541485.0,,,,,,
2024-12-24,13.739999771118164,13.770000457763672,13.56999969482422,13.68000030517578,170726.0,,,,,,
2024-12-26,13.920000076293944,14.0,13.640000343322754,13.649999618530272,349843.0,,,,,,
2024-12-27,13.800000190734863,13.904999732971191,13.569299697875977,13.710000038146973,428325.0,,,,,,
2024-12-30,13.850000381469728,13.949999809265137,13.5,13.619999885559082,398413.0,,,,,,
2024-12-31,13.979999542236328,14.140000343322754,13.87380027770996,13.890000343322754,550694.0,,,,,,
2025-01-02,13.729999542236328,14.229999542236328,13.654999732971191,14.170000076293944,399574.0,,,,,,
2025-01-03,13.979999542236328,13.989999771118164,13.65999984741211,13.789999961853027,344918.0,,,,,,
2025-01-06,14.279999732971191,14.447999954223633,13.949999809265137,14.0,472104.0,,,,,,
2025-01-07,13.859999656677246,14.313599586486816,13.720000267028809,14.25,860991.0,,,,,,
2025-01-08,13.600000381469728,13.84000015258789,13.529999732971191,13.6899995803833,716374.0,,,,,,
2025-01-10,13.09000015258789,13.489999771118164,13.050000190734863,13.31999969482422,574458.0,,,,,,
2025-01-13,12.6899995803833,13.130000114440918,12.68000030517578,12.899999618530272,534718.0,,,,,,
2025-01-14,12.869999885559082,13.164999961853027,12.710000038146973,12.720000267028809,697128.0,,,,,,
2025-01-15,12.90999984741211,13.260000228881836,12.899999618530272,13.260000228881836,420658.0,,,,,,
2025-01-16,12.760000228881836,12.954999923706056,12.739999771118164,12.899999618530272,402800.0,,,,,,
2025-01-17,,,,,,,12.920000076293945,13.09000015258789,12.869999885559082,13.039999961853027,346604.0
