Date,AdjClose,Close,High,Low,Open,Volume,"('Close', 'AMZN')","('High', 'AMZN')","('Low', 'AMZN')","('Open', 'AMZN')","('Volume', 'AMZN')"
2023-01-17,96.0500030517578,98.88999938964844,95.7300033569336,98.68000030517578,72755000.0,,,,,,
2023-01-18,95.45999908447266,99.31999969482422,95.37999725341795,97.25,79570400.0,,,,,,
2023-01-19,93.68000030517578,95.44000244140624,92.86000061035156,94.73999786376952,69002700.0,,,,,,
2023-01-20,97.25,97.3499984741211,93.1999969482422,93.86000061035156,67481500.0,,,,,,
2023-01-23,97.5199966430664,97.77999877929688,95.86000061035156,97.55999755859376,76501100.0,,,,,,
2023-01-24,96.31999969482422,98.08999633789062,96.0,96.93000030517578,66929500.0,,,,,,
2023-01-25,97.18000030517578,97.23999786376952,91.5199966430664,92.55999755859376,94261600.0,,,,,,
2023-01-26,99.22000122070312,99.48999786376952,96.91999816894533,98.23999786376952,68523600.0,,,,,,
2023-01-27,102.23999786376952,103.48999786376952,99.52999877929688,99.52999877929688,87775600.0,,,,,,
2023-01-30,100.5500030517578,101.73999786376952,99.01000213623048,101.08999633789062,70691900.0,,,,,,
2023-01-31,103.12999725341795,103.3499984741211,101.13999938964844,101.16000366210938,66527300.0,,,,,,
2023-02-01,105.1500015258789,106.23999786376952,101.23999786376952,102.52999877929688,80450100.0,,,,,,
2023-02-02,112.91000366210938,114.0,108.87999725341795,110.25,158154200.0,,,,,,
2023-02-03,103.38999938964844,108.77999877929688,102.5199966430664,105.26000213623048,144374800.0,,,,,,
2023-02-06,102.18000030517578,103.9499969482422,100.6500015258789,102.93000030517578,81945200.0,,,,,,
2023-02-07,102.11000061035156,102.41000366210938,98.08000183105467,101.16999816894533,119501300.0,,,,,,
2023-02-08,100.0500030517578,102.66999816894533,98.77999877929688,102.04000091552734,75878300.0,,,,,,
2023-02-09,98.23999786376952,101.77999877929688,97.56999969482422,101.31999969482422,64622500.0,,,,,,
2023-02-10,97.61000061035156,98.81999969482422,96.2300033569336,97.55999755859376,52740100.0,,,,,,
2023-02-13,99.54000091552734,99.68000030517578,96.91000366210938,97.8499984741211,52841500.0,,,,,,
2023-02-14,99.6999969482422,100.91999816894533,97.5199966430664,98.41000366210938,56202900.0,,,,,,
2023-02-15,101.16000366210938,101.16999816894533,98.4499969482422,99.08999633789062,47957600.0,,,,,,
2023-02-16,98.1500015258789,100.62999725341795,98.0999984741211,99.20999908447266,56339200.0,,,,,,
2023-02-17,97.1999969482422,97.94000244140624,95.6500015258789,97.8000030517578,60029400.0,,,,,,
2023-02-21,94.58000183105467,95.61000061035156,94.2699966430664,95.33999633789062,56580400.0,,,,,,
2023-02-22,95.79000091552734,97.01000213623048,94.8000030517578,95.0999984741211,59534100.0,,,,,,
2023-02-23,95.81999969482422,96.43000030517578,93.66999816894533,96.12000274658205,48467000.0,,,,,,
2023-02-24,93.5,94.13999938964844,92.31999969482422,93.52999877929688,57053800.0,,,,,,
2023-02-27,93.76000213623048,94.77999877929688,93.13999938964844,94.27999877929688,47470300.0,,,,,,
2023-02-28,94.2300033569336,94.69000244140624,92.91999816894533,93.13999938964844,43959300.0,,,,,,
2023-03-01,92.16999816894533,94.68000030517578,91.58999633789062,93.87000274658205,52299500.0,,,,,,
2023-03-02,92.12999725341795,92.2300033569336,90.38999938964844,91.41000366210938,55509400.0,,,,,,
2023-03-03,94.9000015258789,94.94000244140624,92.66000366210938,92.73999786376952,55759600.0,,,,,,
2023-03-06,93.75,96.5500030517578,93.73999786376952,95.19000244140624,52112400.0,,,,,,
2023-03-07,93.5500030517578,95.08999633789062,92.77999877929688,94.05999755859376,49100700.0,,,,,,
2023-03-08,93.91999816894533,94.16999816894533,92.18000030517578,93.5999984741211,44899100.0,,,,,,
2023-03-09,92.25,96.20999908447266,92.18000030517578,93.68000030517578,56218700.0,,,,,,
2023-03-10,90.7300033569336,93.56999969482422,90.25,92.66999816894533,69827500.0,,,,,,
2023-03-13,92.43000030517578,94.0199966430664,88.12000274658203,89.97000122070312,72397100.0,,,,,,
2023-03-14,94.87999725341795,95.06999969482422,92.70999908447266,93.83000183105467,60912700.0,,,,,,
2023-03-15,96.1999969482422,96.66999816894533,93.06999969482422,93.22000122070312,70731800.0,,,,,,
2023-03-16,100.04000091552734,100.98999786376952,95.61000061035156,95.75,84446900.0,,,,,,
2023-03-17,98.9499969482422,100.66000366210938,97.45999908447266,99.79000091552734,87300200.0,,,,,,
2023-03-20,97.70999908447266,98.4800033569336,95.6999969482422,98.41000366210938,62388900.0,,,,,,
2023-03-21,100.61000061035156,100.8499984741211,98.0,98.13999938964844,58597300.0,,,,,,
2023-03-22,98.6999969482422,102.0999984741211,98.61000061035156,100.4499969482422,57475400.0,,,,,,
2023-03-23,98.70999908447266,101.05999755859376,97.62000274658205,100.43000030517578,57559300.0,,,,,,
2023-03-24,98.12999725341795,98.3000030517578,96.4000015258789,98.06999969482422,56095400.0,,,,,,
2023-03-27,98.04000091552734,99.33999633789062,97.08000183105467,99.06999969482422,46721300.0,,,,,,
2023-03-28,97.23999786376952,98.44000244140624,96.29000091552734,98.11000061035156,38720100.0,,,,,,
2023-03-29,100.25,100.41999816894533,98.55999755859376,98.69000244140624,49783300.0,,,,,,
2023-03-30,102.0,103.04000091552734,101.01000213623048,101.5500030517578,53633400.0,,,,,,
2023-03-31,103.29000091552734,103.48999786376952,101.9499969482422,102.16000366210938,56750300.0,,,,,,
2023-04-03,102.41000366210938,103.29000091552734,101.43000030517578,102.3000030517578,41135700.0,,,,,,
2023-04-04,103.9499969482422,104.1999969482422,102.11000061035156,102.75,48662500.0,,,,,,
2023-04-05,101.0999984741211,103.91000366210938,100.75,103.91000366210938,45175400.0,,,,,,
2023-04-06,102.05999755859376,102.37999725341795,99.8000030517578,100.75,43808000.0,,,,,,
2023-04-10,102.16999816894533,102.1999969482422,99.56999969482422,100.95999908447266,37261200.0,,,,,,
2023-04-11,99.91999816894533,101.0,99.01000213623048,100.8000030517578,60417800.0,,,,,,
2023-04-12,97.83000183105467,100.51000213623048,97.70999908447266,100.4000015258789,56735000.0,,,,,,
2023-04-13,102.4000015258789,102.56999969482422,98.70999908447266,98.9499969482422,67925100.0,,,,,,
2023-04-14,102.51000213623048,103.1999969482422,101.11000061035156,102.06999969482422,51450500.0,,,,,,
2023-04-17,102.73999786376952,103.7300033569336,101.58999633789062,103.16000366210938,39919500.0,,,,,,
2023-04-18,102.3000030517578,104.1999969482422,101.5199966430664,103.9499969482422,39790500.0,,,,,,
2023-04-19,104.3000030517578,105.12000274658205,101.38999938964844,101.58000183105467,58398900.0,,,,,,
2023-04-20,103.80999755859376,105.25,103.20999908447266,103.52999877929688,57696900.0,,,,,,
2023-04-21,106.95999908447266,108.1500015258789,105.08000183105467,106.0999984741211,86774200.0,,,,,,
2023-04-24,106.20999908447266,109.2300033569336,105.06999969482422,107.66000366210938,69575600.0,,,,,,
2023-04-25,102.56999969482422,105.4499969482422,102.4499969482422,104.91000366210938,65026800.0,,,,,,
2023-04-26,104.9800033569336,106.62000274658205,104.0999984741211,105.04000091552734,73803800.0,,,,,,
2023-04-27,109.81999969482422,110.86000061035156,106.8000030517578,108.16000366210938,149961200.0,,,,,,
2023-04-28,105.4499969482422,109.4800033569336,104.33000183105467,107.7300033569336,130565000.0,,,,,,
2023-05-01,102.0500030517578,105.2300033569336,101.81999969482422,104.9499969482422,74728100.0,,,,,,
2023-05-02,103.62999725341795,103.9000015258789,101.1500015258789,101.47000122070312,73469400.0,,,,,,
2023-05-03,103.6500015258789,105.95999908447266,103.27999877929688,103.73999786376952,65051900.0,,,,,,
2023-05-04,104.0,105.38999938964844,103.30999755859376,104.04000091552734,45345500.0,,,,,,
2023-05-05,105.66000366210938,105.76000213623048,103.5500030517578,104.2699966430664,56912900.0,,,,,,
2023-05-08,105.83000183105467,106.0999984741211,104.6999969482422,105.04000091552734,49430900.0,,,,,,
2023-05-09,106.62000274658205,106.79000091552734,105.16000366210938,105.4800033569336,44089400.0,,,,,,
2023-05-10,110.19000244140624,110.66999816894533,108.0500030517578,108.0999984741211,78627600.0,,,,,,
2023-05-11,112.18000030517578,113.27999877929688,110.48999786376952,111.02999877929688,74924800.0,,,,,,
2023-05-12,110.26000213623048,112.63999938964844,109.31999969482422,112.16000366210938,49810100.0,,,,,,
2023-05-15,111.1999969482422,112.29000091552734,109.25,111.1500015258789,53011100.0,,,,,,
2023-05-16,113.4000015258789,114.79000091552734,111.0500030517578,111.0500030517578,71472900.0,,,,,,
2023-05-17,115.5,115.83000183105467,114.22000122070312,114.88999938964844,65655200.0,,,,,,
2023-05-18,118.1500015258789,118.5999984741211,116.33999633789062,116.69000244140624,73174100.0,,,,,,
2023-05-19,116.25,118.30999755859376,115.6999969482422,118.16000366210938,54990200.0,,,,,,
2023-05-22,115.01000213623048,116.7699966430664,114.25,116.7699966430664,70741100.0,,,,,,
2023-05-23,114.98999786376952,117.13999938964844,113.77999877929688,114.2699966430664,67576300.0,,,,,,
2023-05-24,116.75,117.33999633789062,115.0199966430664,115.3499984741211,63487900.0,,,,,,
2023-05-25,115.0,116.87000274658205,114.30999755859376,116.62999725341795,66496700.0,,,,,,
2023-05-26,120.11000061035156,121.5,116.0199966430664,116.04000091552734,96779900.0,,,,,,
2023-05-30,121.66000366210938,122.91999816894533,119.86000061035156,122.37000274658205,64314800.0,,,,,,
2023-05-31,120.58000183105467,122.04000091552734,119.16999816894533,121.4499969482422,72800800.0,,,,,,
2023-06-01,122.7699966430664,123.48999786376952,119.93000030517578,120.69000244140624,54375100.0,,,,,,
2023-06-02,124.25,126.38999938964844,124.0199966430664,124.91999816894533,61215000.0,,,,,,
2023-06-05,125.3000030517578,125.8000030517578,123.02999877929688,123.36000061035156,47950100.0,,,,,,
2023-06-06,126.61000061035156,127.4000015258789,125.0,125.06999969482422,45695200.0,,,,,,
2023-06-07,121.2300033569336,127.37000274658205,120.62999725341795,127.01000213623048,95663300.0,,,,,,
2023-06-08,124.25,125.62999725341795,122.26000213623048,123.01000213623048,62159300.0,,,,,,
2023-06-09,123.43000030517578,125.8000030517578,123.19000244140624,124.08000183105467,51330000.0,,,,,,
2023-06-12,126.56999969482422,126.77999877929688,123.52999877929688,124.0199966430664,51338000.0,,,,,,
2023-06-13,126.66000366210938,128.41000366210938,125.18000030517578,128.1199951171875,50564800.0,,,,,,
2023-06-14,126.41999816894533,126.9499969482422,124.12000274658205,126.6999969482422,52422500.0,,,,,,
2023-06-15,127.11000061035156,127.69000244140624,124.31999969482422,125.20999908447266,60458500.0,,,,,,
2023-06-16,125.48999786376952,127.9000015258789,125.3000030517578,127.70999908447266,84188100.0,,,,,,
2023-06-20,125.77999877929688,127.25,124.5,124.97000122070312,56930100.0,,,,,,
2023-06-21,124.83000183105467,126.7300033569336,123.8499984741211,125.63999938964844,52137700.0,,,,,,
2023-06-22,130.14999389648438,130.3300018310547,125.13999938964844,125.30999755859376,90354600.0,,,,,,
2023-06-23,129.3300018310547,130.83999633789062,128.27999877929688,129.11000061035156,71855200.0,,,,,,
2023-06-26,127.33000183105467,131.49000549316406,127.0999984741211,129.3300018310547,59989300.0,,,,,,
2023-06-27,129.17999267578125,130.08999633789062,127.5500030517578,128.6300048828125,46801000.0,,,,,,
2023-06-28,129.0399932861328,131.47999572753906,128.44000244140625,128.94000244140625,52149500.0,,,,,,
2023-06-29,127.9000015258789,129.25999450683594,127.26000213623048,128.77000427246094,40761000.0,,,,,,
2023-06-30,130.36000061035156,131.25,128.9499969482422,129.47000122070312,54310500.0,,,,,,
2023-07-03,130.22000122070312,131.85000610351562,130.07000732421875,130.82000732421875,28264800.0,,,,,,
2023-07-05,130.3800048828125,131.39999389648438,129.63999938964844,130.24000549316406,35895400.0,,,,,,
2023-07-06,128.36000061035156,128.72999572753906,127.37000274658205,128.25,40639900.0,,,,,,
2023-07-07,129.77999877929688,130.97000122070312,128.1300048828125,128.58999633789062,41928700.0,,,,,,
2023-07-10,127.12999725341795,129.27999877929688,125.91999816894533,129.07000732421875,61889300.0,,,,,,
2023-07-11,128.77999877929688,129.77000427246094,127.3499984741211,127.75,49951500.0,,,,,,
2023-07-12,130.8000030517578,131.25999450683594,128.8300018310547,130.30999755859375,54022800.0,,,,,,
2023-07-13,134.3000030517578,134.6699981689453,132.7100067138672,134.0399932861328,61170900.0,,,,,,
2023-07-14,134.67999267578125,136.64999389648438,134.05999755859375,134.05999755859375,54388100.0,,,,,,
2023-07-17,133.55999755859375,135.6199951171875,133.2100067138672,134.55999755859375,48450200.0,,,,,,
2023-07-18,132.8300018310547,133.86000061035156,131.35000610351562,132.7100067138672,54969100.0,,,,,,
2023-07-19,135.36000061035156,135.99000549316406,132.52999877929688,133.38999938964844,54531000.0,,,,,,
2023-07-20,129.9600067138672,134.7899932861328,129.3300018310547,134.07000732421875,59820600.0,,,,,,
2023-07-21,130.0,131.3699951171875,128.4199981689453,131.33999633789062,133265000.0,,,,,,
2023-07-24,128.8000030517578,131.66000366210938,128.35000610351562,130.30999755859375,45591100.0,,,,,,
2023-07-25,129.1300048828125,129.5800018310547,128.52999877929688,129.30999755859375,39236700.0,,,,,,
2023-07-26,128.14999389648438,129.0800018310547,126.11000061035156,126.51000213623048,53910100.0,,,,,,
2023-07-27,128.25,132.6300048828125,127.79000091552734,131.0,52610700.0,,,,,,
2023-07-28,132.2100067138672,133.00999450683594,129.3300018310547,129.69000244140625,46317400.0,,,,,,
2023-07-31,133.67999267578125,133.8699951171875,132.3800048828125,133.1999969482422,41901500.0,,,,,,
2023-08-01,131.69000244140625,133.69000244140625,131.6199951171875,133.5500030517578,42098500.0,,,,,,
2023-08-02,128.2100067138672,130.22999572753906,126.81999969482422,130.14999389648438,51027600.0,,,,,,
2023-08-03,128.91000366210938,129.83999633789062,126.41000366210938,127.4800033569336,88585200.0,,,,,,
2023-08-04,139.57000732421875,143.6300048828125,139.32000732421875,141.05999755859375,152938700.0,,,,,,
2023-08-07,142.22000122070312,142.5399932861328,138.9499969482422,140.99000549316406,71213100.0,,,,,,
2023-08-08,139.94000244140625,140.83999633789062,138.4199981689453,140.6199951171875,51710500.0,,,,,,
2023-08-09,137.85000610351562,140.32000732421875,137.10000610351562,139.97000122070312,50017300.0,,,,,,
2023-08-10,138.55999755859375,140.41000366210938,137.49000549316406,139.07000732421875,58928400.0,,,,,,
2023-08-11,138.41000366210938,139.3300018310547,137.0,137.39999389648438,42832100.0,,,,,,
2023-08-14,140.57000732421875,140.58999633789062,137.75,138.3000030517578,47148700.0,,,,,,
2023-08-15,137.6699981689453,141.27999877929688,137.22999572753906,140.0500030517578,42781500.0,,,,,,
2023-08-16,135.07000732421875,137.27000427246094,135.00999450683594,137.19000244140625,41675900.0,,,,,,
2023-08-17,133.97999572753906,136.08999633789062,133.52999877929688,135.4600067138672,48354100.0,,,,,,
2023-08-18,133.22000122070312,134.07000732421875,131.14999389648438,131.6199951171875,48469400.0,,,,,,
2023-08-21,134.67999267578125,135.19000244140625,132.7100067138672,133.74000549316406,41442500.0,,,,,,
2023-08-22,134.25,135.64999389648438,133.72999572753906,135.0800018310547,32935100.0,,,,,,
2023-08-23,135.52000427246094,135.9499969482422,133.22000122070312,134.5,42801000.0,,,,,,
2023-08-24,131.83999633789062,136.77999877929688,131.8300018310547,136.39999389648438,43646300.0,,,,,,
2023-08-25,133.25999450683594,133.8699951171875,130.5800018310547,132.47000122070312,44147500.0,,,,,,
2023-08-28,133.13999938964844,133.9499969482422,131.85000610351562,133.77999877929688,34108400.0,,,,,,
2023-08-29,134.91000366210938,135.13999938964844,133.25,133.3800048828125,38646100.0,,,,,,
2023-08-30,135.07000732421875,135.67999267578125,133.9199981689453,134.92999267578125,36137000.0,,,,,,
2023-08-31,138.00999450683594,138.7899932861328,135.0,135.05999755859375,58781300.0,,,,,,
2023-09-01,138.1199951171875,139.9600067138672,136.8800048828125,139.4600067138672,40948300.0,,,,,,
2023-09-05,137.27000427246094,137.8000030517578,135.82000732421875,137.72999572753906,40636700.0,,,,,,
2023-09-06,135.36000061035156,137.4499969482422,134.61000061035156,136.32000732421875,41785500.0,,,,,,
2023-09-07,137.85000610351562,138.02999877929688,133.16000366210938,133.89999389648438,48498900.0,,,,,,
2023-09-08,138.22999572753906,138.85000610351562,136.75,136.86000061035156,38348200.0,,,,,,
2023-09-11,143.10000610351562,143.6199951171875,138.63999938964844,138.75,56764500.0,,,,,,
2023-09-12,141.22999572753906,143.0,140.61000061035156,142.32000732421875,42668500.0,,,,,,
2023-09-13,144.85000610351562,144.97999572753906,140.8699951171875,140.9499969482422,60465200.0,,,,,,
2023-09-14,144.72000122070312,145.86000061035156,142.9499969482422,145.0800018310547,64033600.0,,,,,,
2023-09-15,140.38999938964844,143.57000732421875,140.08999633789062,142.69000244140625,102861700.0,,,,,,
2023-09-18,139.97999572753906,141.75,139.22000122070312,140.47999572753906,42823500.0,,,,,,
2023-09-19,137.6300048828125,138.83999633789062,135.55999755859375,138.6999969482422,61482500.0,,,,,,
2023-09-20,135.2899932861328,139.3699951171875,135.1999969482422,138.5500030517578,46263700.0,,,,,,
2023-09-21,129.3300018310547,132.24000549316406,129.30999755859375,131.94000244140625,70234800.0,,,,,,
2023-09-22,129.1199951171875,132.02999877929688,128.52000427246094,131.11000061035156,59904300.0,,,,,,
2023-09-25,131.27000427246094,131.77999877929688,128.77000427246094,129.36000061035156,46017800.0,,,,,,
2023-09-26,125.9800033569336,130.38999938964844,125.27999877929688,130.1199951171875,73048200.0,,,,,,
2023-09-27,125.9800033569336,127.4800033569336,124.12999725341795,125.76000213623048,66553400.0,,,,,,
2023-09-28,125.9800033569336,126.58000183105467,123.04000091552734,124.04000091552734,54555000.0,,,,,,
2023-09-29,127.12000274658205,129.14999389648438,126.31999969482422,128.1999969482422,62377600.0,,,,,,
2023-10-02,129.4600067138672,130.47000122070312,126.54000091552734,127.27999877929688,48029700.0,,,,,,
2023-10-03,124.72000122070312,128.52000427246094,124.25,128.05999755859375,51565000.0,,,,,,
2023-10-04,127.0,127.36000061035156,125.68000030517578,126.05999755859376,44203900.0,,,,,,
2023-10-05,125.95999908447266,126.7300033569336,124.33000183105467,126.70999908447266,39660600.0,,,,,,
2023-10-06,127.95999908447266,128.4499969482422,124.12999725341795,124.16000366210938,46795900.0,,,,,,
2023-10-09,128.25999450683594,128.7899932861328,124.76000213623048,126.22000122070312,38773700.0,,,,,,
2023-10-10,129.47999572753906,130.74000549316406,128.0500030517578,128.82000732421875,42178600.0,,,,,,
2023-10-11,131.8300018310547,132.0500030517578,129.61000061035156,129.74000549316406,40741800.0,,,,,,
2023-10-12,132.3300018310547,134.47999572753906,131.22999572753906,132.1699981689453,55528600.0,,,,,,
2023-10-13,129.7899932861328,133.30999755859375,128.9499969482422,132.97999572753906,45786600.0,,,,,,
2023-10-16,132.5500030517578,133.07000732421875,130.42999267578125,130.69000244140625,42832900.0,,,,,,
2023-10-17,131.47000122070312,132.5800018310547,128.7100067138672,130.38999938964844,49344600.0,,,,,,
2023-10-18,128.1300048828125,130.6699981689453,127.51000213623048,129.89999389648438,42699500.0,,,,,,
2023-10-19,128.39999389648438,132.24000549316406,127.47000122070312,130.57000732421875,60961400.0,,,,,,
2023-10-20,125.16999816894533,128.1699981689453,124.97000122070312,128.0500030517578,56343300.0,,,,,,
2023-10-23,126.55999755859376,127.87999725341795,123.9800033569336,124.62999725341795,48260000.0,,,,,,
2023-10-24,128.55999755859375,128.8000030517578,126.33999633789062,127.73999786376952,46477400.0,,,,,,
2023-10-25,121.38999938964844,126.33999633789062,120.79000091552734,126.04000091552734,74577500.0,,,,,,
2023-10-26,119.56999969482422,121.63999938964844,118.3499984741211,120.62999725341795,100419500.0,,,,,,
2023-10-27,127.73999786376952,130.02000427246094,125.5199966430664,126.1999969482422,125309300.0,,,,,,
2023-10-30,132.7100067138672,133.0,128.55999755859375,129.72000122070312,72485500.0,,,,,,
2023-10-31,133.08999633789062,133.57000732421875,131.7100067138672,132.75,51589400.0,,,,,,
2023-11-01,137.0,137.35000610351562,133.7100067138672,133.9600067138672,61529400.0,,,,,,
2023-11-02,138.07000732421875,138.80999755859375,136.47000122070312,138.72999572753906,52236700.0,,,,,,
2023-11-03,138.60000610351562,139.49000549316406,137.4499969482422,138.99000549316406,44007200.0,,,,,,
2023-11-06,139.74000549316406,140.72999572753906,138.36000061035156,138.75999450683594,44970400.0,,,,,,
2023-11-07,142.7100067138672,143.3699951171875,140.5,140.5500030517578,53553500.0,,,,,,
2023-11-08,142.0800018310547,143.1199951171875,141.22000122070312,142.97000122070312,44521700.0,,,,,,
2023-11-09,140.60000610351562,142.64999389648438,139.83999633789062,142.02000427246094,36235400.0,,,,,,
2023-11-10,143.55999755859375,143.64999389648438,139.91000366210938,140.4600067138672,49287800.0,,,,,,
2023-11-13,142.58999633789062,143.22999572753906,140.6699981689453,142.0800018310547,35680600.0,,,,,,
2023-11-14,145.8000030517578,147.25999450683594,144.67999267578125,145.0,56674600.0,,,,,,
2023-11-15,143.1999969482422,147.2899932861328,142.58999633789062,147.05999755859375,63875700.0,,,,,,
2023-11-16,142.8300018310547,143.32000732421875,139.52000427246094,140.91000366210938,49653500.0,,,,,,
2023-11-17,145.17999267578125,145.22999572753906,142.5399932861328,142.66000366210938,49636700.0,,,,,,
2023-11-20,146.1300048828125,146.6300048828125,144.72999572753906,145.1300048828125,41951200.0,,,,,,
2023-11-21,143.89999389648438,144.0500030517578,141.5,143.91000366210938,71226000.0,,,,,,
2023-11-22,146.7100067138672,147.74000549316406,144.57000732421875,144.57000732421875,45669100.0,,,,,,
2023-11-24,146.74000549316406,147.1999969482422,145.32000732421875,146.6999969482422,22378400.0,,,,,,
2023-11-27,147.72999572753906,149.25999450683594,146.8800048828125,147.52999877929688,53762400.0,,,,,,
2023-11-28,147.02999877929688,147.60000610351562,145.52999877929688,146.97999572753906,42711700.0,,,,,,
2023-11-29,146.32000732421875,148.5399932861328,145.97000122070312,147.85000610351562,40610900.0,,,,,,
2023-11-30,146.08999633789062,146.92999267578125,144.3300018310547,144.75999450683594,65814000.0,,,,,,
2023-12-01,147.02999877929688,147.25,145.5500030517578,146.0,39924600.0,,,,,,
2023-12-04,144.83999633789062,145.35000610351562,142.80999755859375,145.25,48294200.0,,,,,,
2023-12-05,146.8800048828125,148.57000732421875,143.1300048828125,143.5500030517578,46822400.0,,,,,,
2023-12-06,144.52000427246094,147.85000610351562,144.27999877929688,147.5800018310547,39679000.0,,,,,,
2023-12-07,146.8800048828125,147.9199981689453,145.33999633789062,146.14999389648438,52352800.0,,,,,,
2023-12-08,147.4199981689453,147.83999633789062,145.39999389648438,145.47999572753906,41858000.0,,,,,,
2023-12-11,145.88999938964844,146.19000244140625,143.63999938964844,145.66000366210938,50907300.0,,,,,,
2023-12-12,147.47999572753906,147.5,145.3000030517578,145.52000427246094,44944300.0,,,,,,
2023-12-13,148.83999633789062,149.4600067138672,146.82000732421875,148.1199951171875,52766200.0,,,,,,
2023-12-14,147.4199981689453,150.5399932861328,145.52000427246094,149.92999267578125,58400800.0,,,,,,
2023-12-15,149.97000122070312,150.57000732421875,147.8800048828125,148.3800048828125,110039100.0,,,,,,
2023-12-18,154.07000732421875,154.85000610351562,150.0500030517578,150.55999755859375,62512800.0,,,,,,
2023-12-19,153.7899932861328,155.1199951171875,152.69000244140625,154.39999389648438,43171300.0,,,,,,
2023-12-20,152.1199951171875,155.6300048828125,151.55999755859375,152.89999389648438,50322100.0,,,,,,
2023-12-21,153.83999633789062,153.97000122070312,152.10000610351562,153.3000030517578,36305700.0,,,,,,
2023-12-22,153.4199981689453,154.35000610351562,152.7100067138672,153.77000427246094,29480100.0,,,,,,
2023-12-26,153.41000366210938,153.97999572753906,153.02999877929688,153.55999755859375,25067200.0,,,,,,
2023-12-27,153.33999633789062,154.77999877929688,153.1199951171875,153.55999755859375,31434700.0,,,,,,
2023-12-28,153.3800048828125,154.0800018310547,152.9499969482422,153.72000122070312,27057000.0,,,,,,
2023-12-29,151.94000244140625,153.88999938964844,151.02999877929688,153.10000610351562,39789000.0,,,,,,
2024-01-02,149.92999267578125,152.3800048828125,148.38999938964844,151.5399932861328,47339400.0,,,,,,
2024-01-03,148.47000122070312,151.0500030517578,148.3300018310547,149.1999969482422,49425500.0,,,,,,
2024-01-04,144.57000732421875,147.3800048828125,144.0500030517578,145.58999633789062,56039800.0,,,,,,
2024-01-05,145.24000549316406,146.58999633789062,144.52999877929688,144.69000244140625,45124800.0,,,,,,
2024-01-08,149.10000610351562,149.39999389648438,146.14999389648438,146.74000549316406,46757100.0,,,,,,
2024-01-09,151.3699951171875,151.7100067138672,148.2100067138672,148.3300018310547,43812600.0,,,,,,
2024-01-10,153.72999572753906,154.4199981689453,151.8800048828125,152.05999755859375,44421800.0,,,,,,
2024-01-11,155.17999267578125,157.1699981689453,153.1199951171875,155.0399932861328,49072700.0,,,,,,
2024-01-12,154.6199951171875,156.1999969482422,154.00999450683594,155.38999938964844,40460300.0,,,,,,
2024-01-16,153.16000366210938,154.99000549316406,152.14999389648438,153.52999877929688,41384600.0,,,,,,
2024-01-17,151.7100067138672,152.14999389648438,149.91000366210938,151.49000549316406,34953400.0,,,,,,
2024-01-18,153.5,153.77999877929688,151.82000732421875,152.77000427246094,37850200.0,,,,,,
2024-01-19,155.33999633789062,155.75999450683594,152.74000549316406,153.8300018310547,51033700.0,,,,,,
2024-01-22,154.77999877929688,157.0500030517578,153.89999389648438,156.88999938964844,43687500.0,,,,,,
2024-01-23,156.02000427246094,156.2100067138672,153.92999267578125,154.85000610351562,37986000.0,,,,,,
2024-01-24,156.8699951171875,158.50999450683594,156.47999572753906,157.8000030517578,48547300.0,,,,,,
2024-01-25,157.75,158.50999450683594,154.5500030517578,156.9499969482422,43638600.0,,,,,,
2024-01-26,159.1199951171875,160.72000122070312,157.91000366210938,158.4199981689453,51047400.0,,,,,,
2024-01-29,161.25999450683594,161.2899932861328,158.89999389648438,159.33999633789062,45270400.0,,,,,,
2024-01-30,159.0,161.72999572753906,158.49000549316406,160.6999969482422,45207400.0,,,,,,
2024-01-31,155.1999969482422,159.00999450683594,154.80999755859375,157.0,50284400.0,,,,,,
2024-02-01,159.27999877929688,159.75999450683594,155.6199951171875,155.8699951171875,76542400.0,,,,,,
2024-02-02,171.80999755859375,172.5,167.3300018310547,169.19000244140625,117154900.0,,,,,,
2024-02-05,170.30999755859375,170.5500030517578,167.6999969482422,170.1999969482422,55081300.0,,,,,,
2024-02-06,169.14999389648438,170.7100067138672,167.64999389648438,169.38999938964844,42505500.0,,,,,,
2024-02-07,170.52999877929688,170.8800048828125,168.94000244140625,169.47999572753906,47174100.0,,,,,,
2024-02-08,169.83999633789062,171.42999267578125,168.8800048828125,169.64999389648438,42316500.0,,,,,,
2024-02-09,174.4499969482422,175.0,170.5800018310547,170.89999389648438,56986000.0,,,,,,
2024-02-12,172.33999633789062,175.38999938964844,171.5399932861328,174.8000030517578,51050400.0,,,,,,
2024-02-13,168.63999938964844,170.9499969482422,165.75,167.72999572753906,56345100.0,,,,,,
2024-02-14,170.97999572753906,171.2100067138672,168.27999877929688,169.2100067138672,42815500.0,,,,,,
2024-02-15,169.8000030517578,171.1699981689453,167.58999633789062,170.5800018310547,49855200.0,,,,,,
2024-02-16,169.50999450683594,170.4199981689453,167.1699981689453,168.74000549316406,48074600.0,,,,,,
2024-02-20,167.0800018310547,168.7100067138672,165.74000549316406,167.8300018310547,41980300.0,,,,,,
2024-02-21,168.58999633789062,170.22999572753906,167.13999938964844,168.94000244140625,44575600.0,,,,,,
2024-02-22,174.5800018310547,174.8000030517578,171.77000427246094,173.10000610351562,55392400.0,,,,,,
2024-02-23,174.99000549316406,175.75,173.6999969482422,174.27999877929688,59715200.0,,,,,,
2024-02-26,174.72999572753906,176.3699951171875,174.25999450683594,175.6999969482422,44368600.0,,,,,,
2024-02-27,173.5399932861328,174.6199951171875,172.86000061035156,174.0800018310547,31141700.0,,,,,,
2024-02-28,173.16000366210938,174.0500030517578,172.27000427246094,172.44000244140625,28180500.0,,,,,,
2024-02-29,176.75999450683594,177.22000122070312,172.85000610351562,173.00999450683594,53805400.0,,,,,,
2024-03-01,178.22000122070312,178.72999572753906,176.07000732421875,176.75,31956200.0,,,,,,
2024-03-04,177.5800018310547,180.13999938964844,177.49000549316406,177.52999877929688,37381500.0,,,,,,
2024-03-05,174.1199951171875,176.92999267578125,173.3000030517578,176.92999267578125,37228300.0,,,,,,
2024-03-06,173.50999450683594,176.4600067138672,173.25999450683594,175.5399932861328,32090900.0,,,,,,
2024-03-07,176.82000732421875,177.99000549316406,173.72000122070312,174.8300018310547,34063300.0,,,,,,
2024-03-08,175.35000610351562,178.7899932861328,174.3300018310547,176.44000244140625,37853500.0,,,,,,
2024-03-11,171.9600067138672,174.47000122070312,171.47000122070312,174.30999755859375,28484800.0,,,,,,
2024-03-12,175.38999938964844,176.75999450683594,171.97999572753906,173.5,36610600.0,,,,,,
2024-03-13,176.55999755859375,177.6199951171875,175.5500030517578,175.89999389648438,30772600.0,,,,,,
2024-03-14,178.75,179.52999877929688,176.47000122070312,177.69000244140625,43705800.0,,,,,,
2024-03-15,174.4199981689453,177.92999267578125,173.89999389648438,176.63999938964844,72115500.0,,,,,,
2024-03-18,174.47999572753906,176.69000244140625,174.27999877929688,175.8000030517578,31250700.0,,,,,,
2024-03-19,175.89999389648438,176.08999633789062,173.52000427246094,174.22000122070312,26880900.0,,,,,,
2024-03-20,178.14999389648438,178.52999877929688,174.63999938964844,176.13999938964844,29947200.0,,,,,,
2024-03-21,178.14999389648438,181.4199981689453,178.14999389648438,179.99000549316406,32824300.0,,,,,,
2024-03-22,178.8699951171875,179.25999450683594,176.75,177.75,27964100.0,,,,,,
2024-03-25,179.7100067138672,180.9900054931641,177.24000549316406,178.00999450683594,29815500.0,,,,,,
2024-03-26,178.3000030517578,180.4499969482422,177.9499969482422,180.1499938964844,29659000.0,,,,,,
2024-03-27,179.8300018310547,180.0,177.30999755859375,179.8800048828125,33272600.0,,,,,,
2024-03-28,180.3800048828125,181.6999969482422,179.25999450683594,180.1699981689453,38051600.0,,,,,,
2024-04-01,180.97000122070312,183.0,179.9499969482422,180.7899932861328,29174500.0,,,,,,
2024-04-02,180.69000244140625,180.7899932861328,178.3800048828125,179.07000732421875,32611500.0,,,,,,
2024-04-03,182.41000366210935,182.8699951171875,179.8000030517578,179.89999389648438,31046600.0,,,,,,
2024-04-04,180.0,185.1000061035156,180.0,184.0,41624300.0,,,,,,
2024-04-05,185.07000732421875,186.2700042724609,181.97000122070312,182.3800048828125,42335200.0,,,,,,
2024-04-08,185.19000244140625,187.2899932861328,184.80999755859372,186.8999938964844,39221300.0,,,,,,
2024-04-09,185.6699981689453,187.33999633789065,184.1999969482422,187.2400054931641,36546900.0,,,,,,
2024-04-10,185.9499969482422,186.2700042724609,182.6699981689453,182.7700042724609,35879200.0,,,,,,
2024-04-11,189.0500030517578,189.7700042724609,185.50999450683597,186.7400054931641,40020700.0,,,,,,
2024-04-12,186.1300048828125,188.3800048828125,185.0800018310547,187.72000122070312,38554300.0,,,,,,
2024-04-15,183.6199951171875,188.69000244140625,183.0,187.42999267578125,48052400.0,,,,,,
2024-04-16,183.32000732421875,184.8300018310547,182.25999450683597,183.2700042724609,32891300.0,,,,,,
2024-04-17,181.27999877929688,184.57000732421875,179.82000732421875,184.30999755859372,31359700.0,,,,,,
2024-04-18,179.22000122070312,182.38999938964844,178.64999389648438,181.47000122070312,30723800.0,,,,,,
2024-04-19,174.6300048828125,179.0,173.44000244140625,178.74000549316406,55950000.0,,,,,,
2024-04-22,177.22999572753906,178.8699951171875,174.55999755859375,176.94000244140625,37924900.0,,,,,,
2024-04-23,179.5399932861328,179.92999267578125,175.97999572753906,178.0800018310547,37046500.0,,,,,,
2024-04-24,176.58999633789062,180.32000732421875,176.17999267578125,179.94000244140625,34185100.0,,,,,,
2024-04-25,173.6699981689453,173.9199981689453,166.32000732421875,169.67999267578125,49249400.0,,,,,,
2024-04-26,179.6199951171875,180.82000732421875,176.1300048828125,177.8000030517578,43919800.0,,,,,,
2024-04-29,180.9600067138672,183.52999877929688,179.38999938964844,182.75,54063900.0,,,,,,
2024-04-30,175.0,182.9900054931641,174.8000030517578,181.08999633789065,94639800.0,,,,,,
2024-05-01,179.0,185.1499938964844,176.55999755859375,181.63999938964844,94645100.0,,,,,,
2024-05-02,184.72000122070312,185.1000061035156,179.91000366210938,180.8500061035156,54303500.0,,,,,,
2024-05-03,186.2100067138672,187.8699951171875,185.4199981689453,186.9900054931641,39172000.0,,,,,,
2024-05-06,188.6999969482422,188.75,184.8000030517578,186.27999877929688,34725300.0,,,,,,
2024-05-07,188.75999450683597,189.94000244140625,187.30999755859372,188.9199981689453,34048900.0,,,,,,
2024-05-08,188.0,188.42999267578125,186.38999938964844,187.44000244140625,26136400.0,,,,,,
2024-05-09,189.5,191.6999969482422,187.44000244140625,188.8800048828125,43368400.0,,,,,,
2024-05-10,187.47999572753903,189.88999938964844,186.92999267578125,189.16000366210935,34141800.0,,,,,,
2024-05-13,186.57000732421875,188.30999755859372,185.3600006103516,188.0,24898600.0,,,,,,
2024-05-14,187.07000732421875,187.72000122070312,183.4499969482422,183.82000732421875,38698200.0,,,,,,
2024-05-15,185.9900054931641,186.72000122070312,182.72999572753903,185.97000122070312,75459900.0,,,,,,
2024-05-16,183.6300048828125,187.30999755859372,183.4600067138672,185.6000061035156,38834500.0,,,,,,
2024-05-17,184.6999969482422,185.3000030517578,183.3500061035156,183.75999450683597,33175700.0,,,,,,
2024-05-20,183.5399932861328,186.6699981689453,183.27999877929688,184.33999633789065,30511800.0,,,,,,
2024-05-21,183.1499938964844,183.25999450683597,180.75,182.3000030517578,50839100.0,,,,,,
2024-05-22,183.1300048828125,185.22000122070312,181.97000122070312,183.8800048828125,28148800.0,,,,,,
2024-05-23,181.0500030517578,184.75999450683597,180.0800018310547,183.66000366210935,33670200.0,,,,,,
2024-05-24,180.75,182.44000244140625,180.3000030517578,181.6499938964844,27434100.0,,,,,,
2024-05-28,182.1499938964844,182.2400054931641,179.49000549316406,179.92999267578125,29927000.0,,,,,,
2024-05-29,182.0200042724609,184.0800018310547,181.5500030517578,181.6999969482422,32009300.0,,,,,,
2024-05-30,179.32000732421875,181.33999633789065,178.36000061035156,181.30999755859372,29249200.0,,,,,,
2024-05-31,176.44000244140625,179.2100067138672,173.8699951171875,178.3000030517578,58903900.0,,,,,,
2024-06-03,178.33999633789062,178.6999969482422,175.9199981689453,177.6999969482422,30786600.0,,,,,,
2024-06-04,179.33999633789062,179.82000732421875,176.44000244140625,177.63999938964844,27198400.0,,,,,,
2024-06-05,181.27999877929688,181.5,178.75,180.10000610351562,32116400.0,,,,,,
2024-06-06,185.0,185.0,181.4900054931641,181.75,31371200.0,,,,,,
2024-06-07,184.3000030517578,186.2899932861328,183.3600006103516,184.8999938964844,28021500.0,,,,,,
2024-06-10,187.05999755859372,187.22999572753903,183.7899932861328,184.07000732421875,34494500.0,,,,,,
2024-06-11,187.22999572753903,187.7700042724609,184.5399932861328,187.05999755859372,27265100.0,,,,,,
2024-06-12,186.88999938964844,188.3500061035156,185.42999267578125,188.0200042724609,33984200.0,,,,,,
2024-06-13,183.8300018310547,187.6699981689453,182.6699981689453,186.08999633789065,39721500.0,,,,,,
2024-06-14,183.66000366210935,183.72000122070312,182.22999572753903,183.0800018310547,25456400.0,,,,,,
2024-06-17,184.05999755859372,185.0,181.22000122070312,182.5200042724609,35601900.0,,,,,,
2024-06-18,182.80999755859372,184.2899932861328,181.42999267578125,183.7400054931641,36659200.0,,,,,,
2024-06-20,186.1000061035156,186.50999450683597,182.72000122070312,182.91000366210935,44726800.0,,,,,,
2024-06-21,189.0800018310547,189.27999877929688,185.8600006103516,187.8000030517578,72931800.0,,,,,,
2024-06-24,185.57000732421875,191.0,185.3300018310547,189.3300018310547,50610400.0,,,,,,
2024-06-25,186.33999633789065,188.83999633789065,185.4199981689453,186.80999755859372,45898500.0,,,,,,
2024-06-26,193.6100006103516,194.8000030517578,186.25999450683597,186.9199981689453,65103900.0,,,,,,
2024-06-27,197.8500061035156,199.83999633789065,194.1999969482422,195.00999450683597,74397500.0,,,,,,
2024-06-28,193.25,198.8500061035156,192.5,197.72999572753903,76930200.0,,,,,,
2024-07-01,197.1999969482422,198.3000030517578,192.82000732421875,193.4900054931641,41192000.0,,,,,,
2024-07-02,200.0,200.42999267578125,195.92999267578125,197.27999877929688,45600000.0,,,,,,
2024-07-03,197.58999633789065,200.02999877929688,196.75999450683597,199.94000244140625,31597900.0,,,,,,
2024-07-05,200.0,200.5500030517578,198.1699981689453,198.6499938964844,39858900.0,,,,,,
2024-07-08,199.2899932861328,201.1999969482422,197.9600067138672,200.0399932861328,34767300.0,,,,,,
2024-07-09,199.33999633789065,200.57000732421875,199.0500030517578,199.3999938964844,32700100.0,,,,,,
2024-07-10,199.7899932861328,200.1100006103516,197.69000244140625,200.0,32883800.0,,,,,,
2024-07-11,195.0500030517578,200.2700042724609,192.8600006103516,200.08999633789065,44565000.0,,,,,,
2024-07-12,194.4900054931641,196.47000122070312,193.8300018310547,194.8000030517578,30598500.0,,,,,,
2024-07-15,192.72000122070312,196.19000244140625,190.8300018310547,194.55999755859372,40683200.0,,,,,,
2024-07-16,193.0200042724609,196.6199951171875,192.2400054931641,195.58999633789065,33994700.0,,,,,,
2024-07-17,187.92999267578125,191.5800018310547,185.9900054931641,191.3500061035156,48076100.0,,,,,,
2024-07-18,183.75,189.67999267578125,181.4499969482422,189.58999633789065,51043600.0,,,,,,
2024-07-19,183.1300048828125,184.92999267578125,180.11000061035156,181.13999938964844,43081800.0,,,,,,
2024-07-22,182.5500030517578,185.05999755859372,182.47999572753903,185.0,39931900.0,,,,,,
2024-07-23,186.41000366210935,189.38999938964844,183.55999755859372,184.1000061035156,47537700.0,,,,,,
2024-07-24,180.8300018310547,185.4499969482422,180.41000366210935,183.1999969482422,41532400.0,,,,,,
2024-07-25,179.85000610351562,183.8999938964844,176.8000030517578,182.91000366210935,44464200.0,,,,,,
2024-07-26,182.5,183.19000244140625,180.2400054931641,180.38999938964844,29506000.0,,,,,,
2024-07-29,183.1999969482422,184.75,182.3800048828125,183.83999633789065,33270100.0,,,,,,
2024-07-30,181.7100067138672,185.8600006103516,179.3800048828125,184.72000122070312,39508600.0,,,,,,
2024-07-31,186.97999572753903,187.94000244140625,184.4600067138672,185.0500030517578,41667300.0,,,,,,
2024-08-01,184.07000732421875,190.6000061035156,181.8699951171875,189.2899932861328,70435600.0,,,,,,
2024-08-02,167.89999389648438,168.77000427246094,160.5500030517578,166.75,141448400.0,,,,,,
2024-08-05,161.02000427246094,162.9600067138672,151.61000061035156,154.2100067138672,83149400.0,,,,,,
2024-08-06,161.92999267578125,165.0800018310547,158.5399932861328,161.7100067138672,59950800.0,,,,,,
2024-08-07,162.77000427246094,167.5800018310547,161.42999267578125,166.5500030517578,48408200.0,,,,,,
2024-08-08,165.8000030517578,166.69000244140625,162.5500030517578,165.1699981689453,44616200.0,,,,,,
2024-08-09,166.94000244140625,168.5500030517578,165.85000610351562,166.39999389648438,36401000.0,,,,,,
2024-08-12,166.8000030517578,168.5500030517578,166.11000061035156,168.13999938964844,30072800.0,,,,,,
2024-08-13,170.22999572753906,171.0399932861328,167.10000610351562,167.80999755859375,39237900.0,,,,,,
2024-08-14,170.10000610351562,172.27999877929688,168.86000061035156,172.11000061035156,28843800.0,,,,,,
2024-08-15,177.58999633789062,177.91000366210938,173.99000549316406,174.86000061035156,51698500.0,,,,,,
2024-08-16,177.05999755859375,178.33999633789062,176.25999450683594,177.0399932861328,31489200.0,,,,,,
2024-08-19,178.22000122070312,178.3000030517578,176.16000366210938,177.63999938964844,31129800.0,,,,,,
2024-08-20,178.8800048828125,179.00999450683594,177.42999267578125,177.9199981689453,26255200.0,,,,,,
2024-08-21,180.11000061035156,182.38999938964844,178.88999938964844,179.9199981689453,35599100.0,,,,,,
2024-08-22,176.1300048828125,181.47000122070312,175.67999267578125,181.3800048828125,32047500.0,,,,,,
2024-08-23,177.0399932861328,178.97000122070312,175.24000549316406,177.33999633789062,29150100.0,,,,,,
2024-08-26,175.5,177.47000122070312,174.3000030517578,176.6999969482422,22366200.0,,,,,,
2024-08-27,173.1199951171875,174.88999938964844,172.25,174.14999389648438,29842000.0,,,,,,
2024-08-28,170.8000030517578,173.69000244140625,168.9199981689453,173.69000244140625,29045000.0,,,,,,
2024-08-29,172.1199951171875,174.2899932861328,170.80999755859375,173.22000122070312,26407800.0,,,,,,
2024-08-30,178.5,178.89999389648438,172.60000610351562,172.77999877929688,43429400.0,,,,,,
2024-09-03,176.25,178.25999450683594,175.25999450683594,177.5500030517578,37817500.0,,,,,,
2024-09-04,173.3300018310547,175.97999572753906,172.5399932861328,174.47999572753906,30309200.0,,,,,,
2024-09-05,177.88999938964844,179.8800048828125,175.0,175.0,40170500.0,,,,,,
2024-09-06,171.38999938964844,178.3800048828125,171.16000366210938,177.24000549316406,41466500.0,,,,,,
2024-09-09,175.39999389648438,175.85000610351562,173.50999450683594,174.52999877929688,29037400.0,,,,,,
2024-09-10,179.5500030517578,180.5,176.7899932861328,177.49000549316406,36233800.0,,,,,,
2024-09-11,184.5200042724609,184.9900054931641,175.72999572753906,180.10000610351562,42564700.0,,,,,,
2024-09-12,187.0,187.41000366210935,183.5399932861328,184.8000030517578,33622500.0,,,,,,
2024-09-13,186.4900054931641,188.5,185.91000366210935,187.0,26495400.0,,,,,,
2024-09-16,184.88999938964844,185.80999755859372,183.3600006103516,185.2899932861328,26065500.0,,,,,,
2024-09-17,186.8800048828125,189.4499969482422,186.13999938964844,186.8500061035156,26091700.0,,,,,,
2024-09-18,186.42999267578125,188.8000030517578,185.05999755859372,186.4499969482422,34448100.0,,,,,,
2024-09-19,189.8699951171875,190.9900054931641,188.47000122070312,190.0399932861328,39543200.0,,,,,,
2024-09-20,191.6000061035156,191.83999633789065,187.41000366210935,190.22999572753903,100378600.0,,,,,,
2024-09-23,193.8800048828125,194.4499969482422,190.57000732421875,191.63999938964844,36993100.0,,,,,,
2024-09-24,193.9600067138672,195.3699951171875,190.1300048828125,194.2700042724609,43478900.0,,,,,,
2024-09-25,192.52999877929688,193.9499969482422,192.16000366210935,193.75,26391100.0,,,,,,
2024-09-26,191.16000366210935,194.52999877929688,189.5399932861328,194.30999755859372,36334900.0,,,,,,
2024-09-27,187.97000122070312,190.8999938964844,187.33999633789065,190.67999267578125,36002300.0,,,,,,
2024-09-30,186.3300018310547,188.4900054931641,184.6499938964844,187.13999938964844,41583900.0,,,,,,
2024-10-01,185.1300048828125,186.19000244140625,183.4499969482422,184.8999938964844,36044900.0,,,,,,
2024-10-02,184.75999450683597,186.6000061035156,184.0399932861328,184.44000244140625,23704100.0,,,,,,
2024-10-03,181.9600067138672,183.44000244140625,180.8800048828125,183.0500030517578,30204300.0,,,,,,
2024-10-04,186.50999450683597,187.6000061035156,183.6000061035156,185.75,40890300.0,,,,,,
2024-10-07,180.8000030517578,183.6000061035156,180.25,182.9499969482422,42364200.0,,,,,,
2024-10-08,182.72000122070312,183.08999633789065,180.9199981689453,181.9199981689453,26372100.0,,,,,,
2024-10-09,185.1699981689453,185.8500061035156,182.0500030517578,182.82000732421875,26343100.0,,,,,,
2024-10-10,186.6499938964844,188.1300048828125,185.8300018310547,187.1300048828125,27785000.0,,,,,,
2024-10-11,188.82000732421875,189.92999267578125,186.3000030517578,186.6300048828125,25751600.0,,,,,,
2024-10-14,187.5399932861328,189.8300018310547,187.3600006103516,189.77999877929688,22614400.0,,,,,,
2024-10-15,187.69000244140625,188.41000366210935,184.5800018310547,187.6300048828125,32178900.0,,,,,,
2024-10-16,186.88999938964844,187.77999877929688,185.6100006103516,187.0500030517578,23456800.0,,,,,,
2024-10-17,187.52999877929688,188.94000244140625,186.0,188.22000122070312,25039400.0,,,,,,
2024-10-18,188.9900054931641,190.7400054931641,186.27999877929688,187.1499938964844,37417700.0,,,,,,
2024-10-21,189.07000732421875,189.4600067138672,186.3999938964844,188.0500030517578,24639400.0,,,,,,
2024-10-22,189.6999969482422,191.5200042724609,186.97999572753903,188.3500061035156,29650600.0,,,,,,
2024-10-23,184.7100067138672,189.16000366210935,183.69000244140625,188.8500061035156,31937100.0,,,,,,
2024-10-24,186.3800048828125,187.1100006103516,183.8600006103516,185.25,21647400.0,,,,,,
2024-10-25,187.8300018310547,190.4499969482422,187.52999877929688,187.8500061035156,29362100.0,,,,,,
2024-10-28,188.38999938964844,190.2100067138672,188.2100067138672,189.57000732421875,27930800.0,,,,,,
2024-10-29,190.8300018310547,191.4600067138672,187.82000732421875,188.5800018310547,35690200.0,,,,,,
2024-10-30,192.72999572753903,195.6100006103516,192.4199981689453,194.6999969482422,37707600.0,,,,,,
2024-10-31,186.3999938964844,190.6000061035156,185.22999572753903,190.50999450683597,75146800.0,,,,,,
2024-11-01,197.92999267578125,200.5,197.0200042724609,199.0,99687800.0,,,,,,
2024-11-04,195.77999877929688,197.3300018310547,194.30999755859372,196.4499969482422,38492100.0,,,,,,
2024-11-05,199.5,199.82000732421875,195.9900054931641,196.0399932861328,30564800.0,,,,,,
2024-11-06,207.08999633789065,207.5500030517578,199.13999938964844,200.00999450683597,72292200.0,,,,,,
2024-11-07,210.0500030517578,212.25,207.19000244140625,207.44000244140625,52878400.0,,,,,,
2024-11-08,208.17999267578125,209.9600067138672,207.44000244140625,209.72000122070312,36075800.0,,,,,,
2024-11-11,206.83999633789065,209.6499938964844,205.58999633789065,208.5,35456000.0,,,,,,
2024-11-12,208.91000366210935,209.5399932861328,206.00999450683597,208.3699951171875,38942900.0,,,,,,
2024-11-13,214.1000061035156,215.08999633789065,209.13999938964844,209.3999938964844,46212900.0,,,,,,
2024-11-14,211.47999572753903,215.8999938964844,210.8800048828125,214.16000366210935,42620300.0,,,,,,
2024-11-15,202.6100006103516,207.33999633789065,199.6100006103516,206.75999450683597,86591100.0,,,,,,
2024-11-18,201.6999969482422,204.6699981689453,200.9499969482422,204.1499938964844,36512500.0,,,,,,
2024-11-19,204.6100006103516,205.3000030517578,198.77999877929688,199.3300018310547,31197900.0,,,,,,
2024-11-20,202.8800048828125,203.1300048828125,199.4499969482422,202.97999572753903,32769000.0,,,,,,
2024-11-21,198.3800048828125,203.4900054931641,195.75,203.4900054931641,58800000.0,,,,,,
2024-11-22,197.1199951171875,199.25999450683597,196.75,198.25,31530800.0,,,,,,
2024-11-25,201.4499969482422,201.9499969482422,199.0,199.27999877929688,40685700.0,,,,,,
2024-11-26,207.8600006103516,208.0,201.7899932861328,201.8999938964844,41673700.0,,,,,,
2024-11-27,205.7400054931641,207.63999938964844,205.0500030517578,206.97999572753903,28061600.0,,,,,,
2024-11-29,207.88999938964844,208.1999969482422,204.58999633789065,205.8300018310547,24892400.0,,,,,,
2024-12-02,210.7100067138672,212.9900054931641,209.50999450683597,209.9600067138672,39523200.0,,,,,,
2024-12-03,213.44000244140625,214.0200042724609,209.6499938964844,210.30999755859372,32214800.0,,,,,,
2024-12-04,218.16000366210935,220.0,215.75,215.9600067138672,48745700.0,,,,,,
2024-12-05,220.5500030517578,222.1499938964844,217.3000030517578,218.02999877929688,41140200.0,,,,,,
2024-12-06,227.02999877929688,227.1499938964844,220.6000061035156,220.75,44178100.0,,,,,,
2024-12-09,226.08999633789065,230.0800018310547,225.6699981689453,227.2100067138672,46819400.0,,,,,,
2024-12-10,225.0399932861328,229.05999755859372,224.1999969482422,226.08999633789065,31199900.0,,,,,,
2024-12-11,230.25999450683597,231.1999969482422,226.25999450683597,226.41000366210935,35385800.0,,,,,,
2024-12-12,228.97000122070312,231.08999633789065,227.6300048828125,229.8300018310547,28204100.0,,,,,,
2024-12-13,227.4600067138672,230.1999969482422,225.8600006103516,228.3999938964844,28768100.0,,,,,,
2024-12-16,232.92999267578125,233.0,228.00999450683597,230.22999572753903,37552100.0,,,,,,
2024-12-17,231.1499938964844,232.72999572753903,227.8500061035156,232.38999938964844,35948100.0,,,,,,
2024-12-18,220.5200042724609,231.3999938964844,220.1100006103516,230.7700042724609,43281400.0,,,,,,
2024-12-19,223.2899932861328,226.08999633789065,222.9199981689453,224.91000366210935,39918700.0,,,,,,
2024-12-20,224.9199981689453,226.2100067138672,218.72999572753903,219.83999633789065,88279200.0,,,,,,
2024-12-23,225.05999755859372,226.8800048828125,223.8999938964844,225.00999450683597,28070000.0,,,,,,
2024-12-24,229.0500030517578,229.13999938964844,226.1300048828125,226.94000244140625,15007500.0,,,,,,
2024-12-26,227.0500030517578,228.5,226.6699981689453,228.5,16146700.0,,,,,,
2024-12-27,223.75,226.02999877929688,220.8999938964844,225.6000061035156,27367100.0,,,,,,
2024-12-30,221.3000030517578,223.0,218.42999267578125,220.05999755859372,28321200.0,,,,,,
2024-12-31,219.38999938964844,223.22999572753903,218.94000244140625,222.97000122070312,24819700.0,,,,,,
2025-01-02,220.22000122070312,225.1499938964844,218.19000244140625,222.02999877929688,33956600.0,,,,,,
2025-01-03,224.19000244140625,225.3600006103516,221.6199951171875,222.50999450683597,27515600.0,,,,,,
2025-01-06,227.6100006103516,228.83999633789065,224.83999633789065,226.77999877929688,31849800.0,,,,,,
2025-01-07,222.1100006103516,228.3800048828125,221.4600067138672,227.8999938964844,28084200.0,,,,,,
2025-01-08,222.1300048828125,223.5200042724609,220.1999969482422,223.19000244140625,25033300.0,,,,,,
2025-01-10,218.94000244140625,221.7100067138672,216.5,221.4600067138672,36811500.0,,,,,,
2025-01-13,218.4600067138672,219.3999938964844,216.47000122070312,218.05999755859372,27262700.0,,,,,,
2025-01-14,217.75999450683597,221.82000732421875,216.1999969482422,220.44000244140625,24711700.0,,,,,,
2025-01-15,223.3500061035156,223.57000732421875,220.75,222.8300018310547,31291300.0,,,,,,
2025-01-16,,,,,,,220.66000366210938,224.64999389648438,220.30999755859375,224.4199981689453,24757300.0
2025-01-17,,,,,,,225.94000244140625,226.50999450683594,223.0800018310547,225.83999633789062,42370100.0
