Date,AdjClose,Close,High,Low,Open,Volume,"('Close', 'BRBR')","('High', 'BRBR')","('Low', 'BRBR')","('Open', 'BRBR')","('Volume', 'BRBR')"
2023-01-17,26.8799991607666,27.51000022888184,26.75,27.030000686645508,1009300.0,,,,,,
2023-01-18,26.8700008392334,27.270000457763672,26.600000381469727,27.0,965700.0,,,,,,
2023-01-19,26.450000762939453,27.01000022888184,26.299999237060547,26.799999237060547,957100.0,,,,,,
2023-01-20,26.299999237060547,26.670000076293945,26.100000381469727,26.61000061035156,983700.0,,,,,,
2023-01-23,26.96999931335449,27.315000534057617,26.26000022888184,26.36000061035156,622300.0,,,,,,
2023-01-24,27.0,27.26499938964844,26.709999084472656,26.950000762939453,704600.0,,,,,,
2023-01-25,27.59000015258789,27.59000015258789,26.57999992370605,26.6200008392334,549400.0,,,,,,
2023-01-26,27.440000534057617,27.84000015258789,27.15999984741211,27.6200008392334,684600.0,,,,,,
2023-01-27,27.399999618530277,27.7549991607666,27.239999771118164,27.3700008392334,693800.0,,,,,,
2023-01-30,27.40999984741211,27.76499938964844,27.299999237060547,27.5,577100.0,,,,,,
2023-01-31,28.36000061035156,28.3700008392334,27.479999542236328,27.61000061035156,997100.0,,,,,,
2023-02-01,28.940000534057617,29.07999992370605,28.174999237060547,28.190000534057617,1031900.0,,,,,,
2023-02-02,28.780000686645508,29.200000762939453,28.57999992370605,28.950000762939453,1171500.0,,,,,,
2023-02-03,28.799999237060547,28.80500030517578,27.989999771118164,28.71999931335449,1627300.0,,,,,,
2023-02-06,28.75,28.780000686645508,28.059999465942383,28.459999084472656,1121400.0,,,,,,
2023-02-07,29.850000381469727,31.93000030517578,29.309999465942383,29.350000381469727,4557500.0,,,,,,
2023-02-08,30.030000686645508,30.299999237060547,29.31999969482422,30.0,1487400.0,,,,,,
2023-02-09,30.239999771118164,30.63999938964844,29.780000686645508,30.420000076293945,1121700.0,,,,,,
2023-02-10,30.200000762939453,30.280000686645508,29.8700008392334,30.09000015258789,797000.0,,,,,,
2023-02-13,31.0,31.18000030517578,30.20499992370605,30.34000015258789,1138100.0,,,,,,
2023-02-14,30.899999618530277,31.309999465942383,30.57999992370605,30.76000022888184,1004400.0,,,,,,
2023-02-15,31.649999618530277,31.68000030517578,30.780000686645508,30.8799991607666,853200.0,,,,,,
2023-02-16,30.93000030517578,31.59000015258789,30.899999618530277,31.32999992370605,858300.0,,,,,,
2023-02-17,30.90999984741211,31.32999992370605,30.84000015258789,31.13999938964844,1206500.0,,,,,,
2023-02-21,31.200000762939453,31.63999938964844,30.43000030517578,30.549999237060547,1690200.0,,,,,,
2023-02-22,31.06999969482422,31.540000915527344,30.71999931335449,31.200000762939453,1012100.0,,,,,,
2023-02-23,31.420000076293945,31.600000381469727,30.88999938964844,31.1200008392334,1601600.0,,,,,,
2023-02-24,31.31999969482422,31.549999237060547,30.770000457763672,31.030000686645508,763400.0,,,,,,
2023-02-27,30.959999084472656,31.56999969482422,30.850000381469727,31.540000915527344,591900.0,,,,,,
2023-02-28,30.8799991607666,31.38999938964844,30.600000381469727,30.790000915527344,798700.0,,,,,,
2023-03-01,31.01000022888184,31.01000022888184,30.530000686645508,30.780000686645508,685200.0,,,,,,
2023-03-02,31.459999084472656,31.575000762939453,30.709999084472656,30.709999084472656,499700.0,,,,,,
2023-03-03,31.530000686645508,31.73500061035156,31.25,31.489999771118164,393400.0,,,,,,
2023-03-06,31.059999465942383,31.520000457763672,30.959999084472656,31.420000076293945,741500.0,,,,,,
2023-03-07,30.84000015258789,31.290000915527344,30.65999984741211,31.0,711800.0,,,,,,
2023-03-08,30.82999992370605,30.94300079345703,30.3799991607666,30.8799991607666,690900.0,,,,,,
2023-03-09,30.299999237060547,31.190000534057617,30.270000457763672,30.950000762939453,444700.0,,,,,,
2023-03-10,29.86000061035156,30.290000915527344,29.725000381469727,30.170000076293945,663700.0,,,,,,
2023-03-13,29.71999931335449,30.26000022888184,29.1299991607666,29.299999237060547,726700.0,,,,,,
2023-03-14,30.729999542236328,31.06999969482422,30.100000381469727,30.5,1170700.0,,,,,,
2023-03-15,30.25,30.290000915527344,29.600000381469727,30.059999465942383,829600.0,,,,,,
2023-03-16,29.93000030517578,30.489999771118164,29.8799991607666,30.11000061035156,922000.0,,,,,,
2023-03-17,29.56999969482422,30.040000915527344,29.13500022888184,29.920000076293945,2007200.0,,,,,,
2023-03-20,30.31999969482422,30.450000762939453,29.690000534057617,29.940000534057617,702800.0,,,,,,
2023-03-21,30.57999992370605,30.96999931335449,30.030000686645508,30.799999237060547,932900.0,,,,,,
2023-03-22,29.989999771118164,30.850000381469727,29.979999542236328,30.549999237060547,517800.0,,,,,,
2023-03-23,31.920000076293945,32.18000030517578,31.270000457763672,31.6200008392334,1342600.0,,,,,,
2023-03-24,32.93000030517578,32.97999954223633,31.479999542236328,31.799999237060547,981000.0,,,,,,
2023-03-27,33.22999954223633,33.49399948120117,32.83000183105469,33.04999923706055,1530000.0,,,,,,
2023-03-28,33.45000076293945,33.77000045776367,33.0099983215332,33.25,885200.0,,,,,,
2023-03-29,33.0099983215332,33.59000015258789,33.0,33.59000015258789,501200.0,,,,,,
2023-03-30,33.36000061035156,33.55500030517578,33.040000915527344,33.18000030517578,674100.0,,,,,,
2023-03-31,34.0,34.15999984741211,33.505001068115234,33.59000015258789,801900.0,,,,,,
2023-04-03,33.900001525878906,34.13999938964844,33.61000061035156,33.95000076293945,694200.0,,,,,,
2023-04-04,33.90999984741211,34.15999984741211,33.68000030517578,34.06999969482422,696900.0,,,,,,
2023-04-05,34.93000030517578,34.9900016784668,33.619998931884766,33.88999938964844,1345600.0,,,,,,
2023-04-06,34.54999923706055,35.099998474121094,34.20000076293945,35.06999969482422,637000.0,,,,,,
2023-04-10,34.7599983215332,34.83000183105469,33.93000030517578,34.279998779296875,914500.0,,,,,,
2023-04-11,33.4900016784668,35.400001525878906,33.47999954223633,35.400001525878906,896000.0,,,,,,
2023-04-12,33.650001525878906,34.27000045776367,33.5,34.0099983215332,940700.0,,,,,,
2023-04-13,33.779998779296875,34.06999969482422,33.33000183105469,33.90999984741211,821100.0,,,,,,
2023-04-14,34.099998474121094,34.7400016784668,33.83000183105469,34.040000915527344,1078500.0,,,,,,
2023-04-17,34.5099983215332,34.540000915527344,33.9900016784668,34.130001068115234,551200.0,,,,,,
2023-04-18,35.06999969482422,35.150001525878906,34.47999954223633,34.7400016784668,848500.0,,,,,,
2023-04-19,35.0,35.779998779296875,34.86000061035156,35.56999969482422,859100.0,,,,,,
2023-04-20,35.90999984741211,35.939998626708984,34.84000015258789,35.0099983215332,1031800.0,,,,,,
2023-04-21,35.84000015258789,36.16999816894531,35.529998779296875,36.16999816894531,534900.0,,,,,,
2023-04-24,35.70000076293945,35.95000076293945,35.43000030517578,35.66999816894531,666300.0,,,,,,
2023-04-25,35.279998779296875,35.79499816894531,35.15999984741211,35.4900016784668,503000.0,,,,,,
2023-04-26,35.209999084472656,35.65999984741211,35.06999969482422,35.2400016784668,506400.0,,,,,,
2023-04-27,36.27000045776367,36.27999877929688,35.38999938964844,35.38999938964844,776600.0,,,,,,
2023-04-28,35.9900016784668,36.869998931884766,35.810001373291016,36.290000915527344,1176500.0,,,,,,
2023-05-01,36.40999984741211,36.810001373291016,36.02000045776367,36.04999923706055,710600.0,,,,,,
2023-05-02,36.47999954223633,36.61000061035156,36.0099983215332,36.369998931884766,685900.0,,,,,,
2023-05-03,37.06999969482422,37.310001373291016,36.22999954223633,36.22999954223633,1123100.0,,,,,,
2023-05-04,36.5,37.54999923706055,36.18000030517578,36.869998931884766,612000.0,,,,,,
2023-05-05,36.560001373291016,37.04999923706055,36.40999984741211,36.72999954223633,540100.0,,,,,,
2023-05-08,37.2400016784668,37.32500076293945,36.33000183105469,36.56999969482422,1431900.0,,,,,,
2023-05-09,36.02999877929688,37.34000015258789,35.45000076293945,37.34000015258789,1647500.0,,,,,,
2023-05-10,35.97999954223633,36.935001373291016,35.93000030517578,36.52000045776367,1421700.0,,,,,,
2023-05-11,35.880001068115234,36.41999816894531,35.5099983215332,36.20000076293945,1291500.0,,,,,,
2023-05-12,36.380001068115234,36.5,35.83000183105469,35.83000183105469,779700.0,,,,,,
2023-05-15,36.369998931884766,36.56999969482422,36.23500061035156,36.29999923706055,933100.0,,,,,,
2023-05-16,36.369998931884766,36.81999969482422,36.22999954223633,36.310001373291016,1246600.0,,,,,,
2023-05-17,36.04999923706055,36.369998931884766,35.5,36.369998931884766,890800.0,,,,,,
2023-05-18,36.060001373291016,36.220001220703125,35.619998931884766,35.970001220703125,667600.0,,,,,,
2023-05-19,35.45000076293945,36.29999923706055,35.07500076293945,36.29999923706055,936700.0,,,,,,
2023-05-22,35.61000061035156,35.85499954223633,35.040000915527344,35.439998626708984,1051300.0,,,,,,
2023-05-23,35.790000915527344,35.94499969482422,35.0099983215332,35.439998626708984,975100.0,,,,,,
2023-05-24,36.09999847412109,36.43999862670898,35.52000045776367,35.599998474121094,1184900.0,,,,,,
2023-05-25,36.56999969482422,36.77000045776367,35.47999954223633,35.959999084472656,1009200.0,,,,,,
2023-05-26,36.84000015258789,37.04999923706055,36.33000183105469,36.41999816894531,819400.0,,,,,,
2023-05-30,36.79999923706055,37.150001525878906,36.709999084472656,36.77999877929688,1004500.0,,,,,,
2023-05-31,36.619998931884766,37.11000061035156,36.36000061035156,36.68999862670898,1353200.0,,,,,,
2023-06-01,36.88999938964844,37.18999862670898,36.54999923706055,36.77999877929688,896100.0,,,,,,
2023-06-02,37.900001525878906,37.90999984741211,37.060001373291016,37.060001373291016,809500.0,,,,,,
2023-06-05,37.0,37.74700164794922,36.79999923706055,37.27999877929688,822300.0,,,,,,
2023-06-06,35.90999984741211,36.97999954223633,35.25,36.81999969482422,1381800.0,,,,,,
2023-06-07,35.77000045776367,36.68000030517578,35.650001525878906,35.88999938964844,1330400.0,,,,,,
2023-06-08,36.0,36.33000183105469,35.4900016784668,35.630001068115234,1055100.0,,,,,,
2023-06-09,35.84000015258789,36.02999877929688,35.4900016784668,35.779998779296875,1054100.0,,,,,,
2023-06-12,35.90999984741211,35.9900016784668,35.45000076293945,35.959999084472656,1205100.0,,,,,,
2023-06-13,36.20000076293945,36.209999084472656,35.77000045776367,35.77000045776367,1019300.0,,,,,,
2023-06-14,36.0099983215332,36.93999862670898,35.779998779296875,36.2599983215332,1093000.0,,,,,,
2023-06-15,36.38999938964844,36.38999938964844,35.880001068115234,36.09999847412109,827100.0,,,,,,
2023-06-16,35.959999084472656,36.90900039672852,35.810001373291016,36.59999847412109,1822700.0,,,,,,
2023-06-20,35.900001525878906,36.70000076293945,35.7599983215332,35.849998474121094,880500.0,,,,,,
2023-06-21,36.459999084472656,36.65999984741211,35.77000045776367,35.970001220703125,612000.0,,,,,,
2023-06-22,37.06999969482422,37.23899841308594,36.400001525878906,36.630001068115234,693500.0,,,,,,
2023-06-23,36.02999877929688,37.560001373291016,35.900001525878906,36.709999084472656,4842900.0,,,,,,
2023-06-26,36.0099983215332,36.470001220703125,35.70500183105469,35.88999938964844,1081500.0,,,,,,
2023-06-27,36.09000015258789,36.52999877929688,36.060001373291016,36.220001220703125,796900.0,,,,,,
2023-06-28,36.02000045776367,36.470001220703125,35.470001220703125,36.09000015258789,848000.0,,,,,,
2023-06-29,36.310001373291016,36.63999938964844,35.98500061035156,36.02999877929688,566800.0,,,,,,
2023-06-30,36.59999847412109,36.79999923706055,36.41999816894531,36.650001525878906,703000.0,,,,,,
2023-07-03,36.810001373291016,36.810001373291016,36.02999877929688,36.369998931884766,334200.0,,,,,,
2023-07-05,36.25,36.77000045776367,36.2400016784668,36.70000076293945,520300.0,,,,,,
2023-07-06,35.290000915527344,36.23500061035156,35.18000030517578,36.130001068115234,789400.0,,,,,,
2023-07-07,34.61000061035156,35.47999954223633,34.58000183105469,35.220001220703125,1422300.0,,,,,,
2023-07-10,34.95000076293945,35.7400016784668,34.61000061035156,34.61000061035156,749400.0,,,,,,
2023-07-11,34.900001525878906,35.25,34.691001892089844,35.0,547200.0,,,,,,
2023-07-12,35.47999954223633,35.560001373291016,34.6349983215332,35.13999938964844,753900.0,,,,,,
2023-07-13,35.75,35.875,35.369998931884766,35.47999954223633,485900.0,,,,,,
2023-07-14,36.36000061035156,36.38999938964844,35.529998779296875,35.709999084472656,496100.0,,,,,,
2023-07-17,36.34999847412109,36.630001068115234,36.165000915527344,36.380001068115234,320500.0,,,,,,
2023-07-18,35.790000915527344,36.84999847412109,35.51499938964844,36.2599983215332,665100.0,,,,,,
2023-07-19,35.29999923706055,35.970001220703125,35.0099983215332,35.79999923706055,1051300.0,,,,,,
2023-07-20,35.54999923706055,35.7599983215332,34.97999954223633,35.40999984741211,501000.0,,,,,,
2023-07-21,35.63999938964844,36.15999984741211,35.53499984741211,35.720001220703125,694300.0,,,,,,
2023-07-24,35.15999984741211,35.88999938964844,35.11000061035156,35.72999954223633,791200.0,,,,,,
2023-07-25,35.88999938964844,35.900001525878906,35.150001525878906,35.150001525878906,471300.0,,,,,,
2023-07-26,35.369998931884766,36.04999923706055,35.209999084472656,35.63999938964844,828100.0,,,,,,
2023-07-27,35.15999984741211,35.630001068115234,35.029998779296875,35.380001068115234,597100.0,,,,,,
2023-07-28,35.650001525878906,35.79499816894531,35.369998931884766,35.369998931884766,564000.0,,,,,,
2023-07-31,35.95000076293945,36.0,35.459999084472656,35.630001068115234,625400.0,,,,,,
2023-08-01,35.88999938964844,35.93000030517578,35.56999969482422,35.720001220703125,619000.0,,,,,,
2023-08-02,35.97999954223633,36.33000183105469,35.52000045776367,35.54999923706055,702400.0,,,,,,
2023-08-03,35.77000045776367,36.40999984741211,35.525001525878906,36.09999847412109,921900.0,,,,,,
2023-08-04,35.79999923706055,36.09999847412109,35.58000183105469,35.86000061035156,673500.0,,,,,,
2023-08-07,36.52999877929688,36.540000915527344,35.86000061035156,35.90999984741211,1186800.0,,,,,,
2023-08-08,37.56999969482422,38.630001068115234,36.13999938964844,36.869998931884766,2625500.0,,,,,,
2023-08-09,36.97999954223633,37.58000183105469,36.68999862670898,37.58000183105469,992900.0,,,,,,
2023-08-10,37.2400016784668,37.959999084472656,36.72999954223633,37.45000076293945,945800.0,,,,,,
2023-08-11,37.310001373291016,37.71500015258789,37.16999816894531,37.31999969482422,839600.0,,,,,,
2023-08-14,38.54999923706055,38.560001373291016,37.33000183105469,37.47999954223633,1209100.0,,,,,,
2023-08-15,39.209999084472656,39.41899871826172,38.34000015258789,38.5099983215332,1140800.0,,,,,,
2023-08-16,38.560001373291016,39.45000076293945,38.45500183105469,39.27999877929688,928400.0,,,,,,
2023-08-17,37.650001525878906,39.09000015258789,37.5099983215332,38.52000045776367,795500.0,,,,,,
2023-08-18,38.09999847412109,38.209999084472656,37.03099822998047,37.36000061035156,1013000.0,,,,,,
2023-08-21,39.459999084472656,39.619998931884766,37.95500183105469,37.9900016784668,1224800.0,,,,,,
2023-08-22,40.16999816894531,40.31999969482422,39.150001525878906,39.2599983215332,1491400.0,,,,,,
2023-08-23,40.84000015258789,41.06999969482422,40.20000076293945,40.41999816894531,855600.0,,,,,,
2023-08-24,39.90999984741211,41.02000045776367,39.900001525878906,40.83000183105469,979000.0,,,,,,
2023-08-25,40.52999877929688,40.709999084472656,39.66999816894531,40.0,834200.0,,,,,,
2023-08-28,40.459999084472656,40.8650016784668,40.1150016784668,40.52999877929688,797800.0,,,,,,
2023-08-29,41.09999847412109,41.2400016784668,40.290000915527344,40.400001525878906,776800.0,,,,,,
2023-08-30,41.18999862670898,41.275001525878906,40.869998931884766,41.02999877929688,526700.0,,,,,,
2023-08-31,41.5,41.65999984741211,40.72999954223633,41.119998931884766,2435200.0,,,,,,
2023-09-01,41.38999938964844,41.99800109863281,41.20000076293945,41.810001373291016,734400.0,,,,,,
2023-09-05,40.84999847412109,41.24100112915039,40.20299911499024,40.959999084472656,1192200.0,,,,,,
2023-09-06,40.84999847412109,41.09999847412109,40.54999923706055,40.709999084472656,690000.0,,,,,,
2023-09-07,40.650001525878906,41.040000915527344,40.43999862670898,40.97999954223633,741400.0,,,,,,
2023-09-08,40.72999954223633,41.09999847412109,40.51499938964844,40.630001068115234,670700.0,,,,,,
2023-09-11,40.900001525878906,41.45000076293945,40.83000183105469,41.02999877929688,1059300.0,,,,,,
2023-09-12,40.84999847412109,41.02000045776367,40.310001373291016,40.75,992500.0,,,,,,
2023-09-13,41.02999877929688,41.13999938964844,40.77000045776367,40.959999084472656,796100.0,,,,,,
2023-09-14,41.47999954223633,41.54999923706055,41.04999923706055,41.04999923706055,906200.0,,,,,,
2023-09-15,40.68000030517578,41.36000061035156,40.59999847412109,41.2599983215332,2256300.0,,,,,,
2023-09-18,40.31999969482422,40.76499938964844,40.02000045776367,40.619998931884766,786800.0,,,,,,
2023-09-19,40.47999954223633,40.81800079345703,40.16999816894531,40.16999816894531,1334200.0,,,,,,
2023-09-20,40.650001525878906,41.13999938964844,40.25,40.68999862670898,1150300.0,,,,,,
2023-09-21,40.7400016784668,40.96500015258789,40.13999938964844,40.36000061035156,893000.0,,,,,,
2023-09-22,41.02999877929688,41.54999923706055,40.47999954223633,40.77999877929688,821800.0,,,,,,
2023-09-25,41.09000015258789,41.470001220703125,40.619998931884766,40.77000045776367,946700.0,,,,,,
2023-09-26,40.540000915527344,41.130001068115234,40.459999084472656,40.970001220703125,792600.0,,,,,,
2023-09-27,40.13999938964844,40.959999084472656,39.90999984741211,40.72999954223633,872100.0,,,,,,
2023-09-28,40.83000183105469,40.83000183105469,39.900001525878906,40.119998931884766,848100.0,,,,,,
2023-09-29,41.22999954223633,41.36000061035156,40.77999877929688,40.970001220703125,1146700.0,,,,,,
2023-10-02,40.9900016784668,41.34000015258789,40.869998931884766,41.02999877929688,977600.0,,,,,,
2023-10-03,41.02999877929688,41.1150016784668,40.57400131225586,40.91999816894531,1239400.0,,,,,,
2023-10-04,41.310001373291016,42.09000015258789,40.625,41.060001373291016,953700.0,,,,,,
2023-10-05,41.0099983215332,41.61000061035156,40.93999862670898,41.29999923706055,912100.0,,,,,,
2023-10-06,41.75,41.93999862670898,40.630001068115234,40.7400016784668,1408000.0,,,,,,
2023-10-09,41.75,42.13600158691406,41.18999862670898,41.52999877929688,1016500.0,,,,,,
2023-10-10,41.88999938964844,42.23500061035156,41.72999954223633,41.790000915527344,1038800.0,,,,,,
2023-10-11,42.869998931884766,42.880001068115234,42.040000915527344,42.11000061035156,826700.0,,,,,,
2023-10-12,42.08000183105469,43.0,41.5,43.0,1252800.0,,,,,,
2023-10-13,43.09000015258789,43.1349983215332,41.84000015258789,42.08000183105469,1151000.0,,,,,,
2023-10-16,44.36000061035156,44.55500030517578,43.119998931884766,43.400001525878906,1321900.0,,,,,,
2023-10-17,44.79999923706055,44.90999984741211,44.04600143432617,44.33000183105469,1687200.0,,,,,,
2023-10-18,44.220001220703125,44.90999984741211,44.150001525878906,44.79999923706055,1157000.0,,,,,,
2023-10-19,43.58000183105469,44.25,43.400001525878906,44.04999923706055,714700.0,,,,,,
2023-10-20,43.040000915527344,43.95000076293945,42.90999984741211,43.790000915527344,1223700.0,,,,,,
2023-10-23,43.18999862670898,43.84000015258789,42.540000915527344,43.0,878600.0,,,,,,
2023-10-24,44.5,44.54999923706055,43.29999923706055,43.5099983215332,1022500.0,,,,,,
2023-10-25,43.02000045776367,44.09000015258789,42.97999954223633,44.09000015258789,1510400.0,,,,,,
2023-10-26,43.77999877929688,44.02000045776367,43.150001525878906,43.2599983215332,752200.0,,,,,,
2023-10-27,42.810001373291016,43.77999877929688,42.70500183105469,43.5,954100.0,,,,,,
2023-10-30,43.41999816894531,43.5099983215332,42.869998931884766,43.27999877929688,1026500.0,,,,,,
2023-10-31,43.72999954223633,43.77999877929688,43.31999969482422,43.5099983215332,895600.0,,,,,,
2023-11-01,44.61000061035156,44.63999938964844,43.5,43.72999954223633,918600.0,,,,,,
2023-11-02,44.34000015258789,45.09999847412109,44.220001220703125,45.04999923706055,1122100.0,,,,,,
2023-11-03,45.29999923706055,45.58000183105469,44.40999984741211,44.61000061035156,611700.0,,,,,,
2023-11-06,44.97999954223633,45.25,44.43999862670898,45.06999969482422,1071600.0,,,,,,
2023-11-07,45.97999954223633,46.02999877929688,44.869998931884766,45.0,889800.0,,,,,,
2023-11-08,45.810001373291016,46.03499984741211,45.619998931884766,46.0099983215332,655200.0,,,,,,
2023-11-09,45.09999847412109,46.209999084472656,44.9900016784668,46.040000915527344,1012800.0,,,,,,
2023-11-10,46.45000076293945,46.459999084472656,45.130001068115234,45.18000030517578,1128600.0,,,,,,
2023-11-13,46.68000030517578,46.720001220703125,45.77000045776367,46.45000076293945,850900.0,,,,,,
2023-11-14,46.34999847412109,47.5,45.56999969482422,47.27000045776367,1889100.0,,,,,,
2023-11-15,46.380001068115234,46.59000015258789,45.63999938964844,46.400001525878906,1243800.0,,,,,,
2023-11-16,45.27999877929688,46.380001068115234,45.27999877929688,46.380001068115234,1573900.0,,,,,,
2023-11-17,45.36000061035156,45.470001220703125,44.97999954223633,45.470001220703125,1584900.0,,,,,,
2023-11-20,45.43999862670898,45.560001373291016,44.369998931884766,45.25,1574600.0,,,,,,
2023-11-21,48.61000061035156,49.18000030517578,46.02999877929688,46.02999877929688,2413800.0,,,,,,
2023-11-22,50.709999084472656,50.97499847412109,49.380001068115234,49.5,1619500.0,,,,,,
2023-11-24,49.95000076293945,51.310001373291016,49.84999847412109,50.75,550700.0,,,,,,
2023-11-27,50.900001525878906,50.91999816894531,50.02000045776367,50.09999847412109,2032700.0,,,,,,
2023-11-28,50.90999984741211,51.18999862670898,50.43999862670898,50.93000030517578,1390200.0,,,,,,
2023-11-29,51.09000015258789,51.56999969482422,50.45000076293945,51.0,1761200.0,,,,,,
2023-11-30,52.900001525878906,52.90999984741211,51.08000183105469,51.18000030517578,1855800.0,,,,,,
2023-12-01,53.220001220703125,53.54999923706055,51.77000045776367,52.650001525878906,2061800.0,,,,,,
2023-12-04,54.52999877929688,54.63999938964844,52.73400115966797,53.0,1320600.0,,,,,,
2023-12-05,54.720001220703125,55.40999984741211,54.27999877929688,54.27999877929688,1251800.0,,,,,,
2023-12-06,54.0,55.08000183105469,53.79999923706055,54.79999923706055,1270600.0,,,,,,
2023-12-07,54.2599983215332,54.5099983215332,53.70000076293945,54.02999877929688,1349800.0,,,,,,
2023-12-08,53.43999862670898,54.11000061035156,52.97999954223633,53.93999862670898,1133100.0,,,,,,
2023-12-11,54.380001068115234,54.66999816894531,53.369998931884766,53.66999816894531,1102400.0,,,,,,
2023-12-12,55.83000183105469,56.06499862670898,54.8650016784668,54.97999954223633,1169900.0,,,,,,
2023-12-13,56.68999862670898,56.73500061035156,55.2599983215332,55.45000076293945,1357600.0,,,,,,
2023-12-14,55.27999877929688,57.0,54.43999862670898,56.61000061035156,1901400.0,,,,,,
2023-12-15,54.43000030517578,55.65999984741211,54.21500015258789,55.36000061035156,2247200.0,,,,,,
2023-12-18,55.70000076293945,55.84000015258789,54.09999847412109,54.70000076293945,760400.0,,,,,,
2023-12-19,56.18999862670898,56.4900016784668,55.72999954223633,55.72999954223633,1039300.0,,,,,,
2023-12-20,55.15999984741211,56.5,55.130001068115234,56.119998931884766,849400.0,,,,,,
2023-12-21,55.72999954223633,55.93999862670898,54.7599983215332,55.560001373291016,592100.0,,,,,,
2023-12-22,55.650001525878906,56.02000045776367,55.36000061035156,55.77999877929688,780300.0,,,,,,
2023-12-26,56.08000183105469,56.290000915527344,55.310001373291016,55.56999969482422,438000.0,,,,,,
2023-12-27,56.18000030517578,56.630001068115234,55.67300033569336,56.09000015258789,495800.0,,,,,,
2023-12-28,55.790000915527344,56.65999984741211,55.7599983215332,56.369998931884766,477400.0,,,,,,
2023-12-29,55.43000030517578,55.90999984741211,55.310001373291016,55.68999862670898,642200.0,,,,,,
2024-01-02,54.66999816894531,55.43999862670898,53.880001068115234,55.04999923706055,1244200.0,,,,,,
2024-01-03,51.369998931884766,53.7599983215332,50.595001220703125,53.7599983215332,2176900.0,,,,,,
2024-01-04,51.220001220703125,51.75,50.29999923706055,50.72999954223633,1985800.0,,,,,,
2024-01-05,51.43000030517578,52.43000030517578,50.72499847412109,50.900001525878906,1086900.0,,,,,,
2024-01-08,52.66999816894531,52.72999954223633,51.650001525878906,51.90999984741211,1350300.0,,,,,,
2024-01-09,52.58000183105469,52.630001068115234,51.5099983215332,52.02999877929688,1533800.0,,,,,,
2024-01-10,53.65999984741211,53.90999984741211,52.619998931884766,52.720001220703125,1210800.0,,,,,,
2024-01-11,53.97999954223633,54.040000915527344,52.97999954223633,53.65999984741211,1130200.0,,,,,,
2024-01-12,53.93999862670898,54.53400039672852,53.79999923706055,54.470001220703125,955500.0,,,,,,
2024-01-16,53.970001220703125,54.22999954223633,53.36000061035156,53.75,935900.0,,,,,,
2024-01-17,53.68999862670898,54.130001068115234,53.27000045776367,53.5,1042000.0,,,,,,
2024-01-18,54.63999938964844,54.95000076293945,53.58000183105469,53.709999084472656,1109900.0,,,,,,
2024-01-19,53.22999954223633,54.88999938964844,53.1349983215332,54.88999938964844,1106300.0,,,,,,
2024-01-22,53.91999816894531,53.9900016784668,52.86000061035156,53.52000045776367,1425700.0,,,,,,
2024-01-23,55.06999969482422,55.25,53.81999969482422,54.68999862670898,1225700.0,,,,,,
2024-01-24,54.58000183105469,56.72999954223633,54.40999984741211,56.25,1105100.0,,,,,,
2024-01-25,55.5099983215332,56.27000045776367,54.720001220703125,56.060001373291016,1025000.0,,,,,,
2024-01-26,55.459999084472656,56.10499954223633,54.63999938964844,55.91999816894531,925500.0,,,,,,
2024-01-29,55.650001525878906,55.65999984741211,54.970001220703125,55.61000061035156,949900.0,,,,,,
2024-01-30,56.29999923706055,56.34999847412109,55.27000045776367,55.720001220703125,941300.0,,,,,,
2024-01-31,55.27000045776367,56.5,55.09999847412109,56.11000061035156,1198700.0,,,,,,
2024-02-01,56.40999984741211,56.64500045776367,55.27999877929688,55.68999862670898,1346800.0,,,,,,
2024-02-02,56.81999969482422,56.93999862670898,55.70000076293945,56.0099983215332,1424100.0,,,,,,
2024-02-05,57.59000015258789,57.77999877929688,56.650001525878906,56.65999984741211,1652000.0,,,,,,
2024-02-06,56.84000015258789,58.5,55.7599983215332,57.61000061035156,2428900.0,,,,,,
2024-02-07,58.650001525878906,58.82500076293945,57.11000061035156,57.25,1328800.0,,,,,,
2024-02-08,58.86000061035156,58.970001220703125,58.02999877929688,58.81999969482422,2252300.0,,,,,,
2024-02-09,59.380001068115234,60.2599983215332,59.0099983215332,59.22999954223633,1764600.0,,,,,,
2024-02-12,59.83000183105469,60.04100036621094,59.04999923706055,59.33000183105469,1515000.0,,,,,,
2024-02-13,58.41999816894531,59.31999969482422,57.97999954223633,58.91999816894531,1260400.0,,,,,,
2024-02-14,58.47999954223633,59.31999969482422,58.2599983215332,59.0,1261200.0,,,,,,
2024-02-15,58.0099983215332,58.93999862670898,57.81999969482422,58.75,1726800.0,,,,,,
2024-02-16,56.34000015258789,58.13999938964844,56.130001068115234,58.0099983215332,1667300.0,,,,,,
2024-02-20,54.70000076293945,56.150001525878906,54.43999862670898,56.06999969482422,1535000.0,,,,,,
2024-02-21,54.27999877929688,55.119998931884766,53.869998931884766,54.88999938964844,1141500.0,,,,,,
2024-02-22,54.93000030517578,55.34000015258789,54.470001220703125,54.9900016784668,1159700.0,,,,,,
2024-02-23,55.060001373291016,55.36800003051758,54.619998931884766,55.310001373291016,907600.0,,,,,,
2024-02-26,55.84000015258789,55.970001220703125,55.095001220703125,55.130001068115234,1545300.0,,,,,,
2024-02-27,56.119998931884766,57.02000045776367,55.47999954223633,55.52999877929688,1475900.0,,,,,,
2024-02-28,57.77999877929688,58.09999847412109,55.4900016784668,56.04499816894531,1862100.0,,,,,,
2024-02-29,56.95000076293945,58.369998931884766,55.93000030517578,57.91999816894531,1364800.0,,,,,,
2024-03-01,59.72999954223633,59.79999923706055,57.61000061035156,57.90999984741211,2235900.0,,,,,,
2024-03-04,59.619998931884766,61.11000061035156,59.619998931884766,59.83000183105469,1159300.0,,,,,,
2024-03-05,60.36000061035156,60.744998931884766,59.08000183105469,59.4900016784668,1168400.0,,,,,,
2024-03-06,60.310001373291016,61.0,59.79499816894531,60.7599983215332,882800.0,,,,,,
2024-03-07,61.4900016784668,62.75600051879883,60.80500030517578,61.06999969482422,1337800.0,,,,,,
2024-03-08,59.77000045776367,62.310001373291016,59.75,61.59999847412109,1161400.0,,,,,,
2024-03-11,57.86000061035156,59.5,57.810001373291016,59.43000030517578,1087700.0,,,,,,
2024-03-12,59.40999984741211,59.90999984741211,57.720001220703125,57.86000061035156,877500.0,,,,,,
2024-03-13,60.52999877929688,60.775001525878906,59.22999954223633,59.22999954223633,939200.0,,,,,,
2024-03-14,59.369998931884766,60.630001068115234,58.5,60.52999877929688,1041200.0,,,,,,
2024-03-15,59.9900016784668,60.90999984741211,58.79999923706055,58.79999923706055,1937900.0,,,,,,
2024-03-18,60.77999877929688,60.93999862670898,59.665000915527344,60.09000015258789,1046400.0,,,,,,
2024-03-19,60.77000045776367,61.220001220703125,59.95000076293945,60.77999877929688,1101800.0,,,,,,
2024-03-20,59.47999954223633,61.15999984741211,58.790000915527344,60.880001068115234,1227300.0,,,,,,
2024-03-21,61.220001220703125,62.29999923706055,59.90999984741211,59.970001220703125,1174600.0,,,,,,
2024-03-22,61.0,61.619998931884766,60.34000015258789,61.2400016784668,852400.0,,,,,,
2024-03-25,60.27999877929688,61.56999969482422,60.19499969482422,61.0099983215332,919800.0,,,,,,
2024-03-26,59.38999938964844,61.09000015258789,59.13999938964844,60.70000076293945,918300.0,,,,,,
2024-03-27,58.79999923706055,60.40999984741211,58.34999847412109,59.90999984741211,939700.0,,,,,,
2024-03-28,59.02999877929688,60.18999862670898,58.59999847412109,58.810001373291016,932100.0,,,,,,
2024-04-01,59.61000061035156,60.400001525878906,58.66999816894531,59.04999923706055,941200.0,,,,,,
2024-04-02,58.0099983215332,59.220001220703125,57.43999862670898,59.04999923706055,1118100.0,,,,,,
2024-04-03,57.27000045776367,58.790000915527344,57.2400016784668,57.63999938964844,1008500.0,,,,,,
2024-04-04,57.5,58.619998931884766,57.15999984741211,57.959999084472656,850700.0,,,,,,
2024-04-05,58.18999862670898,58.459999084472656,57.4900016784668,57.4900016784668,594400.0,,,,,,
2024-04-08,57.75,58.625,57.70000076293945,58.310001373291016,586800.0,,,,,,
2024-04-09,57.220001220703125,58.25,56.84000015258789,57.97999954223633,1038600.0,,,,,,
2024-04-10,56.220001220703125,57.400001525878906,56.06999969482422,56.52000045776367,1064300.0,,,,,,
2024-04-11,56.08000183105469,56.709999084472656,55.970001220703125,56.29999923706055,947000.0,,,,,,
2024-04-12,54.97999954223633,55.75,54.560001373291016,55.56999969482422,752500.0,,,,,,
2024-04-15,54.5099983215332,56.11000061035156,54.08000183105469,55.34999847412109,1361700.0,,,,,,
2024-04-16,55.209999084472656,55.79999923706055,53.709999084472656,54.36000061035156,899400.0,,,,,,
2024-04-17,54.31999969482422,55.9900016784668,54.29999923706055,55.720001220703125,973600.0,,,,,,
2024-04-18,54.22999954223633,55.34000015258789,54.150001525878906,54.5,1184000.0,,,,,,
2024-04-19,53.97999954223633,54.44499969482422,53.310001373291016,54.02000045776367,994200.0,,,,,,
2024-04-22,55.08000183105469,55.65999984741211,54.380001068115234,54.7400016784668,994800.0,,,,,,
2024-04-23,56.16999816894531,56.2400016784668,54.970001220703125,55.40999984741211,834500.0,,,,,,
2024-04-24,55.619998931884766,56.130001068115234,54.88100051879883,55.7400016784668,1005700.0,,,,,,
2024-04-25,55.2599983215332,55.720001220703125,54.79999923706055,55.220001220703125,681500.0,,,,,,
2024-04-26,56.34000015258789,56.459999084472656,55.09999847412109,55.290000915527344,583700.0,,,,,,
2024-04-29,56.15999984741211,56.9900016784668,55.91999816894531,56.5,978500.0,,,,,,
2024-04-30,55.16999816894531,56.150001525878906,54.7400016784668,56.150001525878906,1196600.0,,,,,,
2024-05-01,55.5,56.33000183105469,54.27000045776367,55.13999938964844,1131400.0,,,,,,
2024-05-02,57.18000030517578,57.5,55.36000061035156,55.95000076293945,1370800.0,,,,,,
2024-05-03,57.41999816894531,58.25,57.209999084472656,57.72999954223633,738900.0,,,,,,
2024-05-06,57.18000030517578,58.27999877929688,56.869998931884766,57.75,1679500.0,,,,,,
2024-05-07,58.43999862670898,62.66999816894531,57.2400016784668,62.5,2465800.0,,,,,,
2024-05-08,58.08000183105469,59.54999923706055,57.7400016784668,58.68999862670898,1400900.0,,,,,,
2024-05-09,59.22999954223633,60.0,57.7400016784668,58.47999954223633,2135400.0,,,,,,
2024-05-10,59.83000183105469,60.25,59.1349983215332,59.630001068115234,1141200.0,,,,,,
2024-05-13,59.61000061035156,60.119998931884766,58.95000076293945,60.0099983215332,917800.0,,,,,,
2024-05-14,59.88999938964844,60.54999923706055,59.68000030517578,59.93000030517578,1018000.0,,,,,,
2024-05-15,58.900001525878906,60.459999084472656,58.29999923706055,60.02999877929688,989000.0,,,,,,
2024-05-16,58.22999954223633,59.45000076293945,58.060001373291016,58.880001068115234,1099600.0,,,,,,
2024-05-17,57.40999984741211,58.31999969482422,57.27000045776367,58.31999969482422,1048300.0,,,,,,
2024-05-20,57.29999923706055,58.369998931884766,57.09000015258789,57.2599983215332,908100.0,,,,,,
2024-05-21,58.27999877929688,58.29999923706055,57.220001220703125,57.220001220703125,754500.0,,,,,,
2024-05-22,58.38999938964844,59.2599983215332,58.04999923706055,58.04999923706055,998500.0,,,,,,
2024-05-23,59.09000015258789,59.970001220703125,58.220001220703125,58.880001068115234,983000.0,,,,,,
2024-05-24,58.36000061035156,59.66999816894531,58.27000045776367,59.15999984741211,719300.0,,,,,,
2024-05-28,57.7599983215332,58.72999954223633,57.25,58.220001220703125,737700.0,,,,,,
2024-05-29,58.31999969482422,58.42499923706055,56.5099983215332,57.29999923706055,1026400.0,,,,,,
2024-05-30,57.34000015258789,58.540000915527344,57.2400016784668,58.31999969482422,897200.0,,,,,,
2024-05-31,58.16999816894531,58.415000915527344,56.43000030517578,57.52000045776367,1231100.0,,,,,,
2024-06-03,59.369998931884766,60.30500030517578,58.23500061035156,58.83000183105469,1562000.0,,,,,,
2024-06-04,60.40999984741211,60.47999954223633,58.970001220703125,59.25,1091600.0,,,,,,
2024-06-05,61.02999877929688,61.290000915527344,60.13999938964844,60.61000061035156,945000.0,,,,,,
2024-06-06,60.11000061035156,61.54999923706055,59.77999877929688,61.0,562100.0,,,,,,
2024-06-07,58.72999954223633,60.165000915527344,58.54999923706055,60.119998931884766,633900.0,,,,,,
2024-06-10,57.34999847412109,58.43000030517578,56.959999084472656,58.22999954223633,1231900.0,,,,,,
2024-06-11,56.869998931884766,57.400001525878906,55.77999877929688,57.22999954223633,1355000.0,,,,,,
2024-06-12,57.369998931884766,58.040000915527344,56.790000915527344,57.5,1045600.0,,,,,,
2024-06-13,56.52999877929688,57.209999084472656,55.4900016784668,57.15999984741211,1157900.0,,,,,,
2024-06-14,55.20000076293945,56.27000045776367,55.08000183105469,55.959999084472656,1357600.0,,,,,,
2024-06-17,54.59000015258789,55.209999084472656,53.90999984741211,55.0,1416700.0,,,,,,
2024-06-18,55.68999862670898,56.72999954223633,54.72999954223633,54.81999969482422,1281000.0,,,,,,
2024-06-20,56.619998931884766,58.55500030517578,55.97999954223633,57.0,1429300.0,,,,,,
2024-06-21,56.040000915527344,57.13999938964844,55.790000915527344,56.61000061035156,1882000.0,,,,,,
2024-06-24,57.34000015258789,57.93000030517578,56.119998931884766,56.15999984741211,1363500.0,,,,,,
2024-06-25,57.93000030517578,57.93999862670898,56.40999984741211,57.79999923706055,934300.0,,,,,,
2024-06-26,57.29999923706055,58.81499862670898,57.209999084472656,57.58000183105469,1486200.0,,,,,,
2024-06-27,58.0,58.0099983215332,56.709999084472656,57.400001525878906,1070800.0,,,,,,
2024-06-28,57.13999938964844,59.09999847412109,57.0099983215332,58.2400016784668,18768900.0,,,,,,
2024-07-01,57.959999084472656,58.47999954223633,57.43000030517578,57.43000030517578,1480900.0,,,,,,
2024-07-02,58.93000030517578,59.185001373291016,57.790000915527344,57.83000183105469,830800.0,,,,,,
2024-07-03,59.09999847412109,59.630001068115234,58.59000015258789,59.02999877929688,461800.0,,,,,,
2024-07-05,60.61000061035156,60.77000045776367,59.0,59.290000915527344,983000.0,,,,,,
2024-07-08,59.09999847412109,60.810001373291016,58.9900016784668,60.79999923706055,1109500.0,,,,,,
2024-07-09,55.18999862670898,59.380001068115234,55.18999862670898,59.0,2056900.0,,,,,,
2024-07-10,55.060001373291016,55.86000061035156,54.560001373291016,55.369998931884766,2032600.0,,,,,,
2024-07-11,55.20000076293945,55.90999984741211,54.77000045776367,55.4900016784668,1174600.0,,,,,,
2024-07-12,55.04999923706055,56.380001068115234,54.80500030517578,55.68000030517578,1291600.0,,,,,,
2024-07-15,51.45000076293945,55.165000915527344,51.43000030517578,55.06999969482422,2567100.0,,,,,,
2024-07-16,51.65999984741211,52.380001068115234,51.16999816894531,51.70000076293945,1832100.0,,,,,,
2024-07-17,51.54999923706055,51.84000015258789,50.470001220703125,51.04999923706055,1969100.0,,,,,,
2024-07-18,51.790000915527344,52.22499847412109,51.060001373291016,51.66999816894531,1682800.0,,,,,,
2024-07-19,50.650001525878906,52.310001373291016,50.630001068115234,51.9900016784668,1041100.0,,,,,,
2024-07-22,50.77000045776367,51.09000015258789,49.720001220703125,50.650001525878906,2012100.0,,,,,,
2024-07-23,49.88999938964844,51.72999954223633,49.59000015258789,50.959999084472656,1785800.0,,,,,,
2024-07-24,48.9900016784668,50.41999816894531,48.93000030517578,49.45000076293945,1749000.0,,,,,,
2024-07-25,48.9900016784668,49.369998931884766,48.630001068115234,49.06999969482422,1095200.0,,,,,,
2024-07-26,49.869998931884766,50.459999084472656,49.08000183105469,49.630001068115234,1237800.0,,,,,,
2024-07-29,50.970001220703125,52.16999816894531,50.09999847412109,50.09999847412109,1664600.0,,,,,,
2024-07-30,51.04999923706055,51.20000076293945,50.540000915527344,50.7599983215332,940900.0,,,,,,
2024-07-31,51.27999877929688,51.75,50.290000915527344,51.540000915527344,1128800.0,,,,,,
2024-08-01,51.22999954223633,51.75,50.1150016784668,51.41999816894531,1223300.0,,,,,,
2024-08-02,49.66999816894531,50.70500183105469,49.27000045776367,50.630001068115234,1540500.0,,,,,,
2024-08-05,49.31999969482422,49.845001220703125,48.060001373291016,48.45000076293945,1654300.0,,,,,,
2024-08-06,52.72999954223633,55.03900146484375,51.04999923706055,52.5,3319300.0,,,,,,
2024-08-07,53.869998931884766,55.25,53.040000915527344,53.86000061035156,1666100.0,,,,,,
2024-08-08,55.0,55.54999923706055,53.84000015258789,53.86000061035156,1120300.0,,,,,,
2024-08-09,54.52999877929688,55.05500030517578,53.619998931884766,54.66999816894531,1218000.0,,,,,,
2024-08-12,54.25,55.0,53.77000045776367,54.400001525878906,705500.0,,,,,,
2024-08-13,53.720001220703125,54.77000045776367,53.16999816894531,54.36000061035156,683900.0,,,,,,
2024-08-14,54.52000045776367,54.52999877929688,53.70500183105469,53.77999877929688,692100.0,,,,,,
2024-08-15,55.150001525878906,55.650001525878906,55.0099983215332,55.18999862670898,578100.0,,,,,,
2024-08-16,54.90999984741211,55.4900016784668,54.709999084472656,54.7599983215332,918100.0,,,,,,
2024-08-19,55.290000915527344,56.08000183105469,54.959999084472656,54.959999084472656,628700.0,,,,,,
2024-08-20,55.220001220703125,56.02000045776367,55.08000183105469,55.400001525878906,711000.0,,,,,,
2024-08-21,56.130001068115234,56.15999984741211,55.02000045776367,55.40999984741211,535200.0,,,,,,
2024-08-22,55.20000076293945,56.40999984741211,55.08000183105469,56.31999969482422,422800.0,,,,,,
2024-08-23,55.43000030517578,55.59999847412109,54.560001373291016,55.59000015258789,741800.0,,,,,,
2024-08-26,56.54999923706055,56.72999954223633,55.380001068115234,55.56999969482422,762700.0,,,,,,
2024-08-27,56.88999938964844,57.119998931884766,56.18000030517578,56.7400016784668,923800.0,,,,,,
2024-08-28,55.630001068115234,57.03499984741211,55.380001068115234,57.0099983215332,808100.0,,,,,,
2024-08-29,55.380001068115234,56.20000076293945,54.81999969482422,55.79999923706055,861700.0,,,,,,
2024-08-30,55.93000030517578,55.97999954223633,55.25,55.56999969482422,765700.0,,,,,,
2024-09-03,55.560001373291016,56.06999969482422,54.72999954223633,55.400001525878906,980400.0,,,,,,
2024-09-04,56.25,56.400001525878906,55.28499984741211,55.369998931884766,1100900.0,,,,,,
2024-09-05,56.84999847412109,57.0,55.58000183105469,56.11000061035156,736600.0,,,,,,
2024-09-06,56.400001525878906,57.720001220703125,56.32500076293945,57.0099983215332,1071100.0,,,,,,
2024-09-09,57.68000030517578,59.27999877929688,56.290000915527344,56.290000915527344,1572700.0,,,,,,
2024-09-10,57.2400016784668,58.0099983215332,56.76499938964844,57.59999847412109,1226800.0,,,,,,
2024-09-11,58.0099983215332,58.15999984741211,56.14500045776367,57.130001068115234,652400.0,,,,,,
2024-09-12,58.68000030517578,58.77000045776367,57.54999923706055,57.77000045776367,719300.0,,,,,,
2024-09-13,58.45000076293945,59.8849983215332,58.18999862670898,58.68000030517578,735300.0,,,,,,
2024-09-16,59.15999984741211,59.68000030517578,58.43999862670898,58.43999862670898,760400.0,,,,,,
2024-09-17,59.59000015258789,60.08000183105469,59.08000183105469,59.369998931884766,741200.0,,,,,,
2024-09-18,59.36000061035156,60.1150016784668,59.2599983215332,59.630001068115234,464800.0,,,,,,
2024-09-19,59.43999862670898,60.02999877929688,58.97999954223633,60.02999877929688,706100.0,,,,,,
2024-09-20,60.470001220703125,60.98500061035156,59.2400016784668,59.2400016784668,2199700.0,,,,,,
2024-09-23,60.93999862670898,61.36000061035156,60.13999938964844,60.470001220703125,739500.0,,,,,,
2024-09-24,60.720001220703125,61.25,60.36000061035156,61.09000015258789,728700.0,,,,,,
2024-09-25,60.38999938964844,61.16999816894531,59.94499969482422,61.16999816894531,711900.0,,,,,,
2024-09-26,60.84999847412109,60.93999862670898,60.2599983215332,60.75,969200.0,,,,,,
2024-09-27,61.11000061035156,61.8390007019043,60.58000183105469,60.84999847412109,585800.0,,,,,,
2024-09-30,60.720001220703125,61.560001373291016,60.494998931884766,61.34000015258789,720900.0,,,,,,
2024-10-01,61.61000061035156,62.18000030517578,60.36000061035156,60.65999984741211,807000.0,,,,,,
2024-10-02,60.380001068115234,61.18999862670898,60.27000045776367,60.54999923706055,639500.0,,,,,,
2024-10-03,61.58000183105469,61.959999084472656,59.93999862670898,60.150001525878906,920100.0,,,,,,
2024-10-04,62.119998931884766,62.4900016784668,61.41999816894531,61.709999084472656,758300.0,,,,,,
2024-10-07,61.9900016784668,62.45500183105469,61.63999938964844,62.060001373291016,670800.0,,,,,,
2024-10-08,62.2599983215332,62.43999862670898,61.65999984741211,62.130001068115234,552100.0,,,,,,
2024-10-09,62.09999847412109,62.709999084472656,61.97999954223633,62.40999984741211,823400.0,,,,,,
2024-10-10,62.75,62.77999877929688,61.6150016784668,61.959999084472656,671400.0,,,,,,
2024-10-11,63.18999862670898,63.84999847412109,63.0,63.0,675800.0,,,,,,
2024-10-14,63.75,64.25,63.25,63.59999847412109,696900.0,,,,,,
2024-10-15,65.81999969482422,67.12000274658203,64.8499984741211,64.8499984741211,1342100.0,,,,,,
2024-10-16,65.43000030517578,65.79000091552734,64.69000244140625,65.58999633789062,927800.0,,,,,,
2024-10-17,65.61000061035156,66.0999984741211,65.0,65.33000183105469,806200.0,,,,,,
2024-10-18,65.75,65.80999755859375,65.0199966430664,65.4000015258789,702600.0,,,,,,
2024-10-21,66.01000213623047,66.3499984741211,65.7300033569336,65.83999633789062,730200.0,,,,,,
2024-10-22,65.4800033569336,66.16000366210938,65.33000183105469,65.5199966430664,1039000.0,,,,,,
2024-10-23,65.25,65.93000030517578,65.03500366210938,65.4000015258789,1084800.0,,,,,,
2024-10-24,65.06999969482422,65.5199966430664,64.62999725341797,65.38999938964844,565000.0,,,,,,
2024-10-25,64.4800033569336,65.08999633789062,63.98500061035156,65.08999633789062,819200.0,,,,,,
2024-10-28,65.0999984741211,65.4800033569336,64.57499694824219,64.72000122070312,653800.0,,,,,,
2024-10-29,65.76000213623047,65.80999755859375,64.6500015258789,64.73999786376953,650500.0,,,,,,
2024-10-30,66.80999755859375,66.94999694824219,65.44000244140625,65.72000122070312,1018000.0,,,,,,
2024-10-31,65.83000183105469,67.05999755859375,65.83000183105469,66.55000305175781,970400.0,,,,,,
2024-11-01,66.69000244140625,67.53199768066406,66.02999877929688,66.3499984741211,878200.0,,,,,,
2024-11-04,67.5199966430664,67.55999755859375,66.2699966430664,66.68000030517578,721800.0,,,,,,
2024-11-05,67.54000091552734,67.55000305175781,66.56999969482422,67.13999938964844,629200.0,,,,,,
2024-11-06,68.0999984741211,69.11499786376953,67.44999694824219,69.01000213623047,535900.0,,,,,,
2024-11-07,68.88999938964844,69.41999816894531,68.05999755859375,68.41999816894531,945800.0,,,,,,
2024-11-08,70.69000244140625,71.1449966430664,68.54000091552734,68.56999969482422,967500.0,,,,,,
2024-11-11,71.31999969482422,71.5199966430664,70.55000305175781,70.9800033569336,655500.0,,,,,,
2024-11-12,71.77999877929688,71.9990005493164,70.12000274658203,71.0999984741211,1054200.0,,,,,,
2024-11-13,72.13999938964844,73.2699966430664,72.0,72.0,938000.0,,,,,,
2024-11-14,72.47000122070312,72.96499633789062,71.96499633789062,72.5,896800.0,,,,,,
2024-11-15,72.08999633789062,72.8499984741211,71.77999877929688,72.2699966430664,1117200.0,,,,,,
2024-11-18,73.4000015258789,73.44999694824219,71.11000061035156,71.51000213623047,1825300.0,,,,,,
2024-11-19,73.26000213623047,74.0,67.0,67.52999877929688,2269100.0,,,,,,
2024-11-20,74.41000366210938,75.44000244140625,73.69999694824219,73.77999877929688,1659400.0,,,,,,
2024-11-21,76.48999786376953,76.68000030517578,74.88500213623047,75.06999969482422,1196300.0,,,,,,
2024-11-22,78.5999984741211,78.68000030517578,76.50499725341797,76.50499725341797,1343000.0,,,,,,
2024-11-25,77.0199966430664,79.9000015258789,76.80000305175781,79.25,1515900.0,,,,,,
2024-11-26,78.79000091552734,79.31999969482422,77.0,77.5,1168000.0,,,,,,
2024-11-27,77.16000366210938,79.80999755859375,77.05999755859375,79.30999755859375,847700.0,,,,,,
2024-11-29,78.45999908447266,78.86499786376953,77.20999908447266,77.56999969482422,416600.0,,,,,,
2024-12-02,77.62000274658203,78.72000122070312,77.37999725341797,78.45999908447266,1299200.0,,,,,,
2024-12-03,76.86000061035156,77.95999908447266,76.62999725341797,77.51000213623047,1126200.0,,,,,,
2024-12-04,77.27999877929688,77.80000305175781,76.66000366210938,76.86000061035156,1130200.0,,,,,,
2024-12-05,78.73999786376953,78.83000183105469,76.97000122070312,77.06999969482422,916900.0,,,,,,
2024-12-06,77.94000244140625,79.29000091552734,77.6500015258789,78.73999786376953,699200.0,,,,,,
2024-12-09,76.66999816894531,78.15499877929688,75.83999633789062,77.75,837900.0,,,,,,
2024-12-10,77.05999755859375,77.94999694824219,76.41000366210938,76.51000213623047,912900.0,,,,,,
2024-12-11,77.23999786376953,78.32499694824219,76.68000030517578,77.4800033569336,1106100.0,,,,,,
2024-12-12,77.98999786376953,78.4000015258789,76.5999984741211,77.27999877929688,797600.0,,,,,,
2024-12-13,78.0,78.3499984741211,76.9729995727539,78.19000244140625,765100.0,,,,,,
2024-12-16,77.93000030517578,78.91999816894531,77.37000274658203,78.12999725341797,1018800.0,,,,,,
2024-12-17,77.23999786376953,77.875,76.7699966430664,77.6500015258789,946700.0,,,,,,
2024-12-18,75.4800033569336,77.56999969482422,75.44400024414062,76.94999694824219,945900.0,,,,,,
2024-12-19,77.80999755859375,77.9800033569336,75.76000213623047,75.76000213623047,887400.0,,,,,,
2024-12-20,76.0999984741211,78.45999908447266,75.8499984741211,77.48999786376953,2582600.0,,,,,,
2024-12-23,76.13999938964844,76.73999786376953,75.75,76.06999969482422,711500.0,,,,,,
2024-12-24,76.66000366210938,76.98999786376953,76.08000183105469,76.54000091552734,310200.0,,,,,,
2024-12-26,76.77999877929688,77.1500015258789,76.08000183105469,76.36000061035156,388900.0,,,,,,
2024-12-27,76.04000091552734,76.91000366210938,75.80000305175781,76.29000091552734,571000.0,,,,,,
2024-12-30,75.63999938964844,76.05000305175781,75.02999877929688,75.41999816894531,609500.0,,,,,,
2024-12-31,75.33999633789062,76.29000091552734,75.22000122070312,75.83000183105469,562900.0,,,,,,
2025-01-02,74.58999633789062,75.77999877929688,74.27999877929688,75.55999755859375,790600.0,,,,,,
2025-01-03,75.19999694824219,75.58999633789062,74.5,74.69999694824219,959300.0,,,,,,
2025-01-06,72.86000061035156,74.47599792480469,72.79000091552734,73.94000244140625,1218200.0,,,,,,
2025-01-07,72.56999969482422,73.3550033569336,71.97000122070312,72.9000015258789,1126100.0,,,,,,
2025-01-08,72.4800033569336,73.98999786376953,72.2300033569336,73.72000122070312,1096700.0,,,,,,
2025-01-10,71.01000213623047,72.45999908447266,70.93099975585938,71.83999633789062,1092800.0,,,,,,
2025-01-13,71.56999969482422,71.58499908447266,69.41999816894531,70.62000274658203,1676300.0,,,,,,
2025-01-14,72.68000030517578,73.0,71.55000305175781,71.69999694824219,1102100.0,,,,,,
2025-01-15,72.80000305175781,73.62000274658203,71.80500030517578,73.62000274658203,903000.0,,,,,,
2025-01-16,73.2300033569336,73.66000366210938,72.37999725341797,73.05999755859375,914600.0,,,,,,
2025-01-17,,,,,,,72.38999938964844,73.79000091552734,71.55999755859375,73.3499984741211,959800.0
