Date,AdjClose,Close,High,Low,Open,Volume,"('Close', 'FMAO')","('High', 'FMAO')","('Low', 'FMAO')","('Open', 'FMAO')","('Volume', 'FMAO')"
2023-01-17,25.75384521484375,25.809610863760017,25.261261058328333,25.3356134841817,7600.0,,,,,,
2023-01-18,25.400671005249023,25.846785549305043,25.400671005249023,25.67019965022138,10700.0,,,,,,
2023-01-19,25.800315856933597,25.967609253532626,25.31702421624785,25.60513963666752,21700.0,,,,,,
2023-01-20,26.10702133178711,26.274314738032228,25.92113937535882,25.98619752829821,21300.0,,,,,,
2023-01-23,26.27431297302246,26.49737024213123,25.828198434804925,26.11631385248272,15200.0,,,,,,
2023-01-24,26.38584327697754,28.30042145783633,26.320785122106937,26.367256498944343,11900.0,,,,,,
2023-01-25,26.432313919067383,26.61819410314474,26.255726237397432,26.367255766005226,9000.0,,,,,,
2023-01-26,26.153491973876957,27.38960224695318,26.023375662827387,26.5345484042665,10000.0,,,,,,
2023-01-27,25.670202255249023,26.190669276131683,25.660907979716963,25.84678817225273,6300.0,,,,,,
2023-01-30,25.893259048461918,26.395137508561035,25.781729516938903,25.781729516938903,14200.0,,,,,,
2023-01-31,26.44160842895508,26.85054590117731,25.939728204816344,25.939728204816344,20700.0,,,,,,
2023-02-01,26.09772300720215,27.027129099727443,25.31702174766479,26.627484196309336,68700.0,,,,,,
2023-02-02,27.240894317626957,27.250188592041344,25.837490789682192,26.107019429594825,26600.0,,,,,,
2023-02-03,26.99924659729004,27.398891505422768,26.99924659729004,27.185128527068528,14600.0,,,,,,
2023-02-06,26.915599822998047,27.54759625505046,26.357957580788465,26.95277691791946,15600.0,,,,,,
2023-02-07,27.46395301818848,27.5383054446808,26.543841075582847,26.934191757842964,15500.0,,,,,,
2023-02-08,27.417484283447266,27.68701294594409,27.17583844652997,27.417484283447266,22900.0,,,,,,
2023-02-09,25.18691062927246,27.18513378361306,25.18691062927246,27.18513378361306,34800.0,,,,,,
2023-02-10,25.261260986328125,25.80961079019689,24.908085635005023,25.10326186025235,18800.0,,,,,,
2023-02-13,25.76313781738281,26.385840008248383,24.926672637651844,24.982436510246828,29000.0,,,,,,
2023-02-14,24.898792266845703,26.50666452335296,24.898792266845703,25.72596319492253,31100.0,,,,,,
2023-02-15,25.33561515808105,25.33561515808105,24.86161774718619,24.86161774718619,16800.0,,,,,,
2023-02-16,25.02890968322754,25.2147898628267,24.852322005811917,24.89879338023796,8900.0,,,,,,
2023-02-17,25.084672927856445,25.205496725618467,24.4340896565976,25.18690817631637,19900.0,,,,,,
2023-02-21,24.65714836120605,25.34490877098636,24.64785408601557,25.047499055697767,16200.0,,,,,,
2023-02-22,24.41550064086914,25.16831914620629,24.238912971275923,24.78726275630097,17400.0,,,,,,
2023-02-23,24.722206115722656,25.35420263685884,24.192444847329597,24.62926513801997,27100.0,,,,,,
2023-02-24,23.513975143432617,25.54937513057973,23.22585973013376,25.54937513057973,35000.0,,,,,,
2023-02-27,23.328094482421875,24.657145547044983,23.25374206208569,23.513974646911567,35700.0,,,,,,
2023-02-28,24.07161903381348,24.582793482129183,23.253742398290527,23.421035789641067,25100.0,,,,,,
2023-03-01,24.03444480895996,24.49914790721393,23.932209560079563,24.11809150846181,11300.0,,,,,,
2023-03-02,23.978679656982425,24.536323740966083,23.699858501341428,23.98797393186401,26200.0,,,,,,
2023-03-03,23.56974029541016,24.09950151197677,23.49538787506224,23.792797556453912,11300.0,,,,,,
2023-03-06,22.937744140625,23.755620775310287,22.770450749445803,23.755620775310287,21800.0,,,,,,
2023-03-07,22.3986873626709,22.71468557846064,22.3893930889475,22.491628327203436,9800.0,,,,,,
2023-03-08,22.426570892333984,22.45445371658904,22.24069071540526,22.41727839028395,8900.0,,,,,,
2023-03-09,21.385637283325195,22.4265712545007,21.37634300842342,22.407984477398827,15600.0,,,,,,
2023-03-10,21.078929901123047,21.497161568007986,20.45622776479529,21.264810051060334,29500.0,,,,,,
2023-03-13,20.18670082092285,20.97669639830989,20.121642674438306,20.279641789915715,17900.0,,,,,,
2023-03-14,21.162578582763672,22.16633715963341,20.91163849537085,21.051049064133007,40500.0,,,,,,
2023-03-15,20.735050201416016,21.1161065717508,20.697874878132904,20.790815845392935,16900.0,,,,,,
2023-03-16,22.101280212402344,22.44515951584017,20.69787662890073,20.69787662890073,27100.0,,,,,,
2023-03-17,21.63657569885254,21.98974925404678,20.920932541586147,21.803867315922524,70300.0,,,,,,
2023-03-20,21.841045379638672,22.407983720587428,21.79457577940094,21.98975022764136,17100.0,,,,,,
2023-03-21,22.80763053894043,22.80763053894043,22.11986834452309,22.30575030615509,12300.0,,,,,,
2023-03-22,21.980457305908203,23.14221511037166,21.980457305908203,22.84480539606129,20100.0,,,,,,
2023-03-23,22.649627685546875,23.0678593715157,22.222099953050407,22.23139422687657,31800.0,,,,,,
2023-03-24,23.62550544738769,23.950797968795364,22.67751070706876,22.67751070706876,21100.0,,,,,,
2023-03-27,23.300212860107425,24.05303137637279,23.207271886724897,24.05303137637279,21100.0,,,,,,
2023-03-28,24.05303192138672,24.164561446513204,23.142214261543465,23.486095339040272,26200.0,,,,,,
2023-03-29,24.09950256347656,24.443381857826616,23.7370347200531,24.36902943423458,21800.0,,,,,,
2023-03-30,22.83456039428711,24.17446124182212,22.75023073285949,24.17446124182212,11400.0,,,,,,
2023-03-31,22.787710189819336,23.60289634270278,22.05685548776057,23.60289634270278,21100.0,,,,,,
2023-04-03,22.17866325378418,22.80644973558548,21.74764478901329,22.80644973558548,13500.0,,,,,,
2023-04-04,21.44780731201172,22.328582797605367,21.08237996452281,22.328582797605367,12700.0,,,,,,
2023-04-05,21.925676345825195,22.019376176351177,21.24167062118409,21.24167062118409,16300.0,,,,,,
2023-04-06,21.644577026367188,22.066223551508624,21.382217877906047,22.066223551508624,9200.0,,,,,,
2023-04-10,21.69142723083496,21.76638673632684,20.998051358241177,21.27914905704183,24800.0,,,,,,
2023-04-11,21.61646842956543,22.15055514699152,21.40096006765238,21.878827600921948,10200.0,,,,,,
2023-04-12,21.588359832763672,21.81323835762467,21.26978147575001,21.81323835762467,14100.0,,,,,,
2023-04-13,21.4665470123291,21.80386565388518,21.36347703025909,21.59772568974516,18900.0,,,,,,
2023-04-14,20.969940185546875,21.944415512148066,20.960571811446368,21.944415512148066,11400.0,,,,,,
2023-04-17,21.241668701171875,21.241668701171875,20.88561152196753,20.93246053940808,8700.0,,,,,,
2023-04-18,21.20418930053711,21.53213780337271,21.07301061427309,21.429069601526223,9400.0,,,,,,
2023-04-19,21.485286712646484,21.672684562510447,21.24166789936548,21.33536771788516,11600.0,,,,,,
2023-04-20,22.17866325378418,22.675271057565208,21.101119772620123,22.675271057565208,15600.0,,,,,,
2023-04-21,21.17607879638672,22.038113919370883,21.13859815369482,21.831973958916254,21200.0,,,,,,
2023-04-24,21.01679229736328,21.23230065857156,20.61388427334525,21.063641319477902,9400.0,,,,,,
2023-04-25,20.417112350463867,20.923088484281617,20.417112350463867,20.923088484281617,10700.0,,,,,,
2023-04-26,20.92308807373047,20.92308807373047,20.41711194984094,20.41711194984094,14000.0,,,,,,
2023-04-27,21.410327911376957,22.22551224849872,20.876241251778115,20.876241251778115,11100.0,,,,,,
2023-04-28,21.363475799560547,22.131812859640164,21.26977777090419,21.410326601064064,8600.0,,,,,,
2023-05-01,20.435853958129883,22.01000534404797,20.407745260851357,21.4571783266797,14500.0,,,,,,
2023-05-02,19.89239501953125,21.21355726856472,19.81743552267741,20.379632642668877,22500.0,,,,,,
2023-05-03,19.489486694335938,20.58577043259079,19.44263767985702,19.911134973347558,20000.0,,,,,,
2023-05-04,18.98351287841797,19.43326990648988,18.496275204418957,19.43326990648988,15600.0,,,,,,
2023-05-05,19.442642211914062,19.583191075287928,18.92729578381797,19.3020933485402,11600.0,,,,,,
2023-05-08,18.589975357055664,19.43327024622707,18.589975357055664,19.43327024622707,24800.0,,,,,,
2023-05-09,18.0839958190918,18.5056441215414,18.0839958190918,18.5056441215414,7600.0,,,,,,
2023-05-10,17.877853393554688,18.561858888609645,17.802893911729143,18.561858888609645,10500.0,,,,,,
2023-05-11,17.1563720703125,18.17769641329127,16.84716389776139,17.8122690604151,32700.0,,,,,,
2023-05-12,16.865901947021484,17.568647861480713,16.744093441539007,17.334399223327637,13100.0,,,,,,
2023-05-15,17.325029373168945,17.756047804409775,16.64102376645176,16.64102376645176,29200.0,,,,,,
2023-05-16,16.865901947021484,17.559277701493556,16.641023468855565,17.315658903353324,27500.0,,,,,,
2023-05-17,17.980928421020508,18.1214772656746,16.940863753664278,16.940863753664278,36600.0,,,,,,
2023-05-18,19.142799377441406,19.264607885352213,17.46557823698477,17.718567200155654,19700.0,,,,,,
2023-05-19,19.320831298828125,19.723737514398078,19.161542130002594,19.648778010666973,16900.0,,,,,,
2023-05-22,20.145383834838867,20.39837280494265,19.56444639836077,19.56444639836077,18400.0,,,,,,
2023-05-23,20.838762283325195,21.09175128573665,19.704999534050717,20.126646084227545,15900.0,,,,,,
2023-05-24,20.145383834838867,20.83875962213507,20.145383834838867,20.59514081246202,12600.0,,,,,,
2023-05-25,20.29530334472656,20.50144151793133,20.126644027024756,20.126644027024756,8600.0,,,,,,
2023-05-26,19.442642211914062,20.1641286409892,19.33957221142454,20.1641286409892,8700.0,,,,,,
2023-05-30,19.20838928222656,19.57381660399232,18.936659990633817,19.57381660399232,9500.0,,,,,,
2023-05-31,18.63682174682617,19.13342952087409,18.18706477439146,19.11468920022881,24200.0,,,,,,
2023-06-01,18.75863647460937,19.18965322820437,18.515017610204293,18.561866635707837,15800.0,,,,,,
2023-06-02,21.1948184967041,21.38221634314643,18.96477036279016,19.00225100438384,22000.0,,,,,,
2023-06-05,20.79191017150879,21.40095628934253,20.79191017150879,21.054267509370835,13900.0,,,,,,
2023-06-06,22.422283172607425,22.80645085176168,20.57640249322298,20.97931049506173,25800.0,,,,,,
2023-06-07,23.443605422973636,23.54667361414304,22.253621846871468,22.637789491569745,39200.0,,,,,,
2023-06-08,23.2093563079834,23.41549447337676,22.787708029706817,23.171875666725327,17400.0,,,,,,
2023-06-09,22.94700050354004,23.53730817860667,22.825191976163527,23.30305949834941,12500.0,,,,,,
2023-06-12,21.20418930053711,23.04069984411113,21.119861421635644,23.04069984411113,22300.0,,,,,,
2023-06-13,21.79449462890625,21.888194446420624,21.31662716804077,21.36347618321028,19900.0,,,,,,
2023-06-14,20.85750389099121,21.916307199623976,20.85750389099121,21.84134768916481,17100.0,,,,,,
2023-06-15,21.32599830627441,21.54150664541545,20.76380116258765,21.54150664541545,19700.0,,,,,,
2023-06-16,21.241668701171875,21.625836363145822,20.998049878695028,21.625836363145822,36500.0,,,,,,
2023-06-20,22.337953567504883,22.337953567504883,21.2885187276462,21.2885187276462,14300.0,,,,,,
2023-06-21,22.337953567504883,22.619051259822555,21.991264745615915,22.337953567504883,17800.0,,,,,,
2023-06-22,21.035531997680664,22.33795407536606,20.913721684311543,22.33795407536606,19700.0,,,,,,
2023-06-23,21.400957107543945,21.43843596273913,20.59514116833039,20.820019661027693,276700.0,,,,,,
2023-06-26,21.831974029541016,22.225511843201968,21.21355772052744,21.21355772052744,24200.0,,,,,,
2023-06-27,22.0100040435791,22.3473226883954,21.513396237285708,21.6633170250072,28900.0,,,,,,
2023-06-28,21.213558197021484,21.97252514645669,20.91372019648309,21.97252514645669,15100.0,,,,,,
2023-06-29,21.457178115844727,22.010005127781,21.30725910791376,21.475918438629986,14800.0,,,,,,
2023-06-30,21.09175109863281,21.43843813989106,20.92309176518801,21.260410432077613,16800.0,,,,,,
2023-07-03,21.588359832763672,21.588359832763672,20.85750328658369,21.03553278895618,6000.0,,,,,,
2023-07-05,21.1948184967041,21.71953496878812,20.74505973345673,21.40095666394327,23500.0,,,,,,
2023-07-06,20.182842254638672,21.18536342887221,19.70995467004812,21.18536342887221,12900.0,,,,,,
2023-07-07,20.835424423217773,21.005662412202557,20.36253691132931,20.49494483740282,40600.0,,,,,,
2023-07-10,20.94892120361328,21.175907044725147,20.523323427999696,20.523323427999696,17100.0,,,,,,
2023-07-11,20.80705070495605,21.04349446296692,20.721930807758326,20.920544502527264,11100.0,,,,,,
2023-07-12,21.194822311401367,21.50692805853878,20.948920540335067,21.04349842211796,17000.0,,,,,,
2023-07-13,21.51638603210449,21.51638603210449,20.636814797988578,20.636814797988578,7800.0,,,,,,
2023-07-14,21.194822311401367,21.573132034609888,20.948920540335067,21.573132034609888,11800.0,,,,,,
2023-07-17,21.07186889648437,21.67716435505163,21.07186889648437,21.138072861774823,15900.0,,,,,,
2023-07-18,21.819032669067383,22.036560523090323,20.788137599574195,21.2704831480096,18300.0,,,,,,
2023-07-19,22.802637100219727,22.8215512302944,21.856862047421533,21.960896076561863,31700.0,,,,,,
2023-07-20,23.40793228149414,23.40793228149414,22.537819170994823,22.802636832076438,21300.0,,,,,,
2023-07-21,22.604022979736328,23.407932120413875,22.39595312141149,23.407932120413875,22900.0,,,,,,
2023-07-24,22.849925994873047,23.341729473856628,22.660770255595416,22.660770255595416,11700.0,,,,,,
2023-07-25,22.367582321166992,23.209323445802344,22.046018620326155,22.85938584056156,14400.0,,,,,,
2023-07-26,23.3322696685791,23.407931597545574,22.424324717058752,22.481072516725614,19400.0,,,,,,
2023-07-27,21.923065185546875,23.39847370716095,21.923065185546875,23.39847370716095,14700.0,,,,,,
2023-07-28,21.355600357055664,22.452699260478187,21.355600357055664,22.32029133197218,14800.0,,,,,,
2023-07-31,20.163923263549805,21.374515946113345,20.12609320055363,21.27048011600913,18000.0,,,,,,
2023-08-01,20.14500617980957,20.646267564326436,20.10717611897349,20.163922112188907,10900.0,,,,,,
2023-08-02,20.5044059753418,20.59898385313153,18.88712949651397,19.965314417040183,16600.0,,,,,,
2023-08-03,20.40982818603516,20.76922195848666,19.870736625396408,20.1923003289218,15300.0,,,,,,
2023-08-04,19.936939239501957,20.655728539315238,19.936939239501957,20.26796088866796,9200.0,,,,,,
2023-08-07,19.719411849975582,20.20175738344813,19.53025610213121,20.04097553895728,12500.0,,,,,,
2023-08-08,20.32470703125,20.655728682714063,19.30326997788163,19.3883898826559,18200.0,,,,,,
2023-08-09,19.80453109741211,20.220670842552227,19.71941119410553,20.220670842552227,9000.0,,,,,,
2023-08-10,19.813989639282227,20.239587364230204,19.813989639282227,19.98422764690768,12200.0,,,,,,
2023-08-11,19.42622184753418,20.192299190300304,18.849298446578405,19.61537578934453,38600.0,,,,,,
2023-08-14,19.199234008789062,19.369473817193292,18.91550219739725,19.312727815699507,8200.0,,,,,,
2023-08-15,18.53719139099121,19.010078917271997,18.45207149194685,19.010078917271997,12600.0,,,,,,
2023-08-16,18.71688842773437,18.915500315160678,18.31966284895909,18.915500315160678,11800.0,,,,,,
2023-08-17,19.104656219482425,19.435676034971472,18.6128527737234,18.6128527737234,10400.0,,,,,,
2023-08-18,18.16833877563477,19.293811647906825,18.092676839914457,19.010079839936385,51500.0,,,,,,
2023-08-21,18.21562957763672,18.385869393004256,18.01701585840028,18.244003481505622,17500.0,,,,,,
2023-08-22,17.667078018188477,18.23454340240645,17.648162084465906,18.23454340240645,13500.0,,,,,,
2023-08-23,17.487380981445312,17.82786058689151,17.487380981445312,17.695450849260876,10100.0,,,,,,
2023-08-24,17.213109970092773,17.60087767148742,17.080700210744116,17.364433863128582,17400.0,,,,,,
2023-08-25,17.317140579223633,17.402260477638436,17.080696817832017,17.260394581588013,10100.0,,,,,,
2023-08-28,17.42117691040039,17.591416712105335,17.42117691040039,17.506296811252863,11000.0,,,,,,
2023-08-29,17.78057289123535,17.94135474606125,17.402263175151774,17.581960966762605,12400.0,,,,,,
2023-08-30,17.84677505493164,18.121048867064072,17.58195740535321,17.629245433813843,28000.0,,,,,,
2023-08-31,18.064306259155277,18.14942616948238,17.799488559923947,17.931896507578113,30300.0,,,,,,
2023-09-01,18.839841842651367,18.896587848909835,18.395328153101183,18.43315822263249,9300.0,,,,,,
2023-09-05,17.950809478759766,18.754718607981925,17.733281656712208,18.754718607981925,11800.0,,,,,,
2023-09-06,17.449552536010742,17.73328436426987,17.213108744487144,17.61979055061244,13300.0,,,,,,
2023-09-07,17.175273895263672,17.8373171183583,17.07123806776869,17.373887583761125,54400.0,,,,,,
2023-09-08,17.638704299926758,17.79948613038506,17.31714063901016,17.37388844076444,9700.0,,,,,,
2023-09-11,17.250938415527344,17.884607834364015,17.14690257239921,17.884607834364015,15600.0,,,,,,
2023-09-12,17.572500228881836,17.66707809397768,17.08069677352164,17.15635870481377,12900.0,,,,,,
2023-09-13,17.175273895263672,17.553583535350892,17.175273895263672,17.47792160733345,10900.0,,,,,,
2023-09-14,17.950809478759766,17.950809478759766,17.35497200882022,17.373887942195495,13000.0,,,,,,
2023-09-15,17.383346557617188,17.799488130974105,17.36443242549597,17.799488130974105,97300.0,,,,,,
2023-09-18,16.99557876586914,17.383346432365844,16.740220846804608,17.35497433242697,31200.0,,,,,,
2023-09-19,16.834794998168945,17.033408694700057,16.8253388352166,16.96720473049726,9100.0,,,,,,
2023-09-20,16.749677658081055,17.090157301887917,16.740221493684647,16.948291384942728,10200.0,,,,,,
2023-09-21,16.551063537597656,16.796965269484126,16.35245164102941,16.702387402770444,12800.0,,,,,,
2023-09-22,16.484859466552734,16.588895299664113,16.380823633441356,16.588895299664113,13300.0,,,,,,
2023-09-25,16.409198760986328,16.560522636501446,16.125465141453315,16.324078855518714,27200.0,,,,,,
2023-09-26,16.64564323425293,16.787509147958122,16.409199443436616,16.409199443436616,20000.0,,,,,,
2023-09-27,16.702388763427734,16.882086544430503,16.560522853761512,16.560522853761512,11200.0,,,,,,
2023-09-28,16.749677658081055,16.99557942261679,16.749677658081055,16.967207321581554,10100.0,,,,,,
2023-09-29,16.579437255859375,17.071238910283252,16.513231487144342,16.919915046780098,13000.0,,,,,,
2023-10-02,16.522689819335938,17.941352423979453,16.314619953400424,16.702387587689163,23000.0,,,,,,
2023-10-03,16.371370315551758,16.61727211569494,16.087638440576,16.61727211569494,11500.0,,,,,,
2023-10-04,16.56052017211914,16.674012159905214,16.09709064682699,16.276786594808712,13800.0,,,,,,
2023-10-05,16.933853149414062,16.933853149414062,16.359499387816392,16.493514596055082,17400.0,,,,,,
2023-10-06,16.838125228881836,16.838125228881836,16.407359502120194,16.56052024367543,10000.0,,,,,,
2023-10-09,16.684965133666992,16.818980331264274,16.503086061342014,16.64667403388484,13500.0,,,,,,
2023-10-10,16.65625,17.05829749564023,16.589242388363374,16.857274660730354,16900.0,,,,,,
2023-10-11,16.799835205078125,16.981714281990236,16.51265925274968,16.665820004100873,8100.0,,,,,,
2023-10-12,16.62752914428711,16.79983360376853,16.32120584496236,16.79983360376853,7600.0,,,,,,
2023-10-13,16.48394203186035,16.6562483451326,16.388217925216036,16.6562483451326,9100.0,,,,,,
2023-10-16,16.436079025268555,16.61795810382056,16.36907142417576,16.608385328547275,17300.0,,,,,,
2023-10-17,16.742399215698242,17.30718013171982,16.56052015143196,16.56052015143196,23100.0,,,,,,
2023-10-18,16.761547088623047,17.125303441768075,16.627531878383348,16.799836366197116,12000.0,,,,,,
2023-10-19,16.474369049072266,17.307182277485797,16.474369049072266,16.67539368730461,13800.0,,,,,,
2023-10-20,16.962570190429688,16.972142966439936,16.43608029060834,16.589241055131655,29300.0,,,,,,
2023-10-23,16.790264129638672,17.297608429997453,16.56052117851677,16.751973029178302,26100.0,,,,,,
2023-10-24,16.53180503845215,17.249746755313264,16.42650633571672,16.914706922280704,13500.0,,,,,,
2023-10-25,16.73282814025879,16.77111924223249,16.32120792314266,16.52223255686413,13000.0,,,,,,
2023-10-26,17.46991539001465,17.53692299253004,16.751973661657882,16.7615464371344,14100.0,,,,,,
2023-10-27,16.713682174682617,17.460342212266518,16.282918243085135,17.460342212266518,12700.0,,,,,,
2023-10-30,16.254199981689453,17.020005572818146,16.177619605158604,16.96256892105486,20000.0,,,,,,
2023-10-31,16.67539405822754,16.93385353063811,16.35949975611028,16.38821808387378,17000.0,,,,,,
2023-11-01,16.416933059692383,16.43607860975494,16.302063410957334,16.43607860975494,8300.0,,,,,,
2023-11-02,17.01043128967285,17.106157208306055,16.570092794288133,16.579665568733457,16200.0,,,,,,
2023-11-03,18.025121688842773,18.542040555221146,17.355042082608602,17.469913550410475,24200.0,,,,,,
2023-11-06,17.32632827758789,18.04427004191484,17.288037173763364,18.04427004191484,11800.0,,,,,,
2023-11-07,17.613502502441406,17.613502502441406,16.799834885241257,17.144447482130765,20800.0,,,,,,
2023-11-08,16.952993392944336,17.62307294814731,16.742397848135923,17.62307294814731,13600.0,,,,,,
2023-11-09,16.962570190429688,17.201884113224907,16.924280912209028,16.924280912209028,6000.0,,,,,,
2023-11-10,17.316755294799805,17.469916056627905,16.74240152503428,17.039150272848687,16300.0,,,,,,
2023-11-13,17.02000617980957,17.345473248127995,16.933853024912324,17.106159334706817,14500.0,,,,,,
2023-11-14,19.135536193847656,19.48972151310585,16.55094757873656,17.594354337707202,37200.0,,,,,,
2023-11-15,19.02066993713379,19.614167397962813,18.40802509992358,19.11639403829833,16500.0,,,,,,
2023-11-16,18.42717170715332,19.14511346197748,18.20700334053745,19.14511346197748,10800.0,,,,,,
2023-11-17,19.02066993713379,19.02066993713379,18.618622504454045,18.78135603258204,18200.0,,,,,,
2023-11-20,18.63776588439941,18.704775310123203,18.40802475937833,18.436743084688526,7400.0,,,,,,
2023-11-21,17.642221450805664,18.283582792222187,17.575213849225165,17.71880182772912,26800.0,,,,,,
2023-11-22,18.254863739013672,18.427170036682703,17.78580872081471,17.986833343368627,10500.0,,,,,,
2023-11-24,18.42717170715332,18.42717170715332,18.178285013049177,18.187857788878603,5000.0,,,,,,
2023-11-27,18.8292179107666,18.8292179107666,18.130421754070422,18.26443695512992,12100.0,,,,,,
2023-11-28,18.18785858154297,18.62819533396549,18.13042374988359,18.62819533396549,15600.0,,,,,,
2023-11-29,19.24083709716797,19.441859888123624,18.36973468471996,18.36973468471996,18200.0,,,,,,
2023-11-30,18.66648292541504,19.81519029730705,18.66648292541504,19.4514321716859,11400.0,,,,,,
2023-12-01,19.60459518432617,19.920489474351594,18.666485089804645,18.666485089804645,23200.0,,,,,,
2023-12-04,20.092796325683597,20.10236910149703,19.432289401119007,19.432289401119007,7800.0,,,,,,
2023-12-05,19.882198333740234,20.150228720860653,19.882198333740234,20.150228720860653,6500.0,,,,,,
2023-12-06,20.64800262451172,20.98304244358511,20.178947608137022,20.178947608137022,18900.0,,,,,,
2023-12-07,20.7533016204834,20.810736445033328,20.485269396216804,20.810736445033328,14600.0,,,,,,
2023-12-08,21.04047966003418,21.490391003544115,20.829884065208898,21.050052436047192,16400.0,,,,,,
2023-12-11,20.60013961791992,21.040476289048264,20.111939074394996,21.040476289048264,32500.0,,,,,,
2023-12-12,20.56184959411621,20.724583117125423,20.10236735002672,20.724583117125423,36900.0,,,,,,
2023-12-13,21.566970825195312,21.9307271751323,20.303391811629307,20.303391811629307,51100.0,,,,,,
2023-12-14,21.36594581604004,22.25619386267842,21.07876985136584,21.729703985502297,34500.0,,,,,,
2023-12-15,22.926271438598636,22.926271438598636,21.42337867267657,21.65312161426192,80100.0,,,,,,
2023-12-18,22.41892433166504,23.519767813530372,22.17003767758609,22.92627041411289,30300.0,,,,,,
2023-12-19,23.45276260375977,23.45276260375977,22.533798088332667,22.667813290377406,24000.0,,,,,,
2023-12-20,23.883527755737305,25.04180614590657,23.4527620089189,23.4527620089189,25600.0,,,,,,
2023-12-21,24.31429100036621,24.53445934225096,23.558060052990736,23.95053468880967,16300.0,,,,,,
2023-12-22,24.9173641204834,25.32898249801884,22.016878972467428,24.55360596717464,20700.0,,,,,,
2023-12-26,26.008634567260746,26.59256106398101,24.496170801468367,24.773773974357905,24100.0,,,,,,
2023-12-27,26.429826736450195,26.49683433387541,25.65444841413528,26.23837489310377,17900.0,,,,,,
2023-12-28,25.68682098388672,26.7579080266174,25.590326174865247,26.48772476993976,20700.0,,,,,,
2023-12-29,23.93062210083008,25.908759367052827,23.67008849290566,25.908759367052827,33600.0,,,,,,
2024-01-02,23.00427627563477,24.4034464911148,22.927080791776348,23.54464466264369,16200.0,,,,,,
2024-01-03,21.70159912109375,23.216561519673657,21.59545464918536,22.492853226811764,31600.0,,,,,,
2024-01-04,21.93318748474121,22.2709184192378,21.817395178361853,21.913888153516144,16600.0,,,,,,
2024-01-05,21.981433868408203,22.6182970186167,21.73054810613132,21.73054810613132,53300.0,,,,,,
2024-01-08,21.798093795776367,21.798093795776367,21.238426126316902,21.67264999510413,12200.0,,,,,,
2024-01-09,21.055086135864254,21.566507321265803,21.055086135864254,21.35421837916292,13200.0,,,,,,
2024-01-10,21.69194793701172,21.71124726518612,20.93929254306248,20.93929254306248,15700.0,,,,,,
2024-01-11,21.56650733947754,21.614753822458745,20.84279905184732,21.527908680704293,27800.0,,,,,,
2024-01-12,21.952486038208008,22.039331185158435,21.37351900536697,21.817394405389766,23300.0,,,,,,
2024-01-16,20.94894218444824,21.952485250773748,20.81385055647573,21.691949819267847,34600.0,,,,,,
2024-01-17,20.97789192199707,21.26737635852646,20.72700614653245,20.746305477064837,11000.0,,,,,,
2024-01-18,21.1901798248291,21.701601060053207,20.485770798556956,21.23842815295526,10900.0,,,,,,
2024-01-19,21.84634017944336,21.91388599158178,21.13228155893168,21.33492083583228,13200.0,,,,,,
2024-01-22,22.44460678100586,22.59899773650235,22.02968039792702,22.106875875675268,16300.0,,,,,,
2024-01-23,22.06828117370605,22.791989537191814,22.06828117370605,22.791989537191814,15300.0,,,,,,
2024-01-24,22.86918258666992,23.10076901746207,22.203370447839163,22.52180202023903,16700.0,,,,,,
2024-01-25,23.09111976623535,23.17796490939805,22.31916314262084,23.17796490939805,13500.0,,,,,,
2024-01-26,22.927080154418945,23.35165622408007,22.608648562294466,23.35165622408007,6200.0,,,,,,
2024-01-29,23.158668518066406,23.158668518066406,22.492856282836023,22.936731719818148,13800.0,,,,,,
2024-01-30,22.62794685363769,23.100769387472297,22.618297188806125,23.100769387472297,6000.0,,,,,,
2024-01-31,21.8077449798584,22.6858442838011,21.8077449798584,22.65689528767089,17900.0,,,,,,
2024-02-01,21.257726669311523,21.85599119125777,21.00684089412955,21.85599119125777,14500.0,,,,,,
2024-02-02,21.08403587341309,21.470013272003712,20.833150104207828,20.833150104207828,13600.0,,,,,,
2024-02-05,21.344572067260746,21.72089981421879,20.553316071383744,20.948943149079504,31200.0,,,,,,
2024-02-06,21.354219436645508,21.77879550139137,21.3349219468049,21.450714247790312,9300.0,,,,,,
2024-02-07,20.273483276367188,21.904239925154343,20.26383361093229,21.807745111290902,20300.0,,,,,,
2024-02-08,20.2155876159668,20.341029588700675,19.733115375399432,20.31208059169184,27300.0,,,,,,
2024-02-09,20.659460067749023,21.09368579678507,20.205936848911158,20.205936848911158,34400.0,,,,,,
2024-02-12,21.479663848876957,21.923537415978,20.42787424276388,20.42787424276388,21600.0,,,,,,
2024-02-13,19.14449691772461,20.948941903222583,18.941857638000744,20.948941903222583,30300.0,,,,,,
2024-02-14,20.553316116333008,21.682301200161668,19.318188394185743,19.713815472746724,28300.0,,,,,,
2024-02-15,21.547208786010746,21.71124941073348,20.418223743033185,20.881396622079,20500.0,,,,,,
2024-02-16,21.42176628112793,22.13582491176748,21.277023149652244,21.508611423819197,17200.0,,,,,,
2024-02-20,20.968242645263672,21.228778090822097,20.707707199705244,21.180531604082606,13100.0,,,,,,
2024-02-21,20.4085750579834,20.659460839635084,20.379627901956415,20.6305118431226,10500.0,,,,,,
2024-02-22,19.559423446655277,20.456822033910097,19.16379638955149,20.20593626883458,18700.0,,,,,,
2024-02-23,19.974349975585938,19.974349975585938,19.501525596185747,19.520824926056243,10500.0,,,,,,
2024-02-26,20.03224372863769,20.21558365950717,19.578720573839703,19.71381218580396,8000.0,,,,,,
2024-02-27,19.58837127685547,20.553315710995847,19.337487343606167,19.337487343606167,31500.0,,,,,,
2024-02-28,18.91291046142578,19.511174954114374,18.81641565407703,19.405032322467576,21400.0,,,,,,
2024-02-29,19.491878509521484,19.62697014275751,18.845365658271906,19.27958955388148,14400.0,,,,,,
2024-03-01,19.520824432373047,19.974349470433054,19.29888766593132,19.29888766593132,15300.0,,,,,,
2024-03-04,19.713815689086918,20.051546619499884,19.32783827168016,19.877856321545472,6900.0,,,,,,
2024-03-05,19.74276351928711,20.341029917061977,19.704166696471137,19.704166696471137,7400.0,,,,,,
2024-03-06,20.03224372863769,20.109439198400867,19.733111513366048,20.109439198400867,7100.0,,,,,,
2024-03-07,20.05154609680176,20.196287394495524,19.887505468619366,20.186637729251213,19600.0,,,,,,
2024-03-08,20.4182243347168,20.447173330678083,20.1190920717254,20.427874000037225,7400.0,,,,,,
2024-03-11,19.7910099029541,20.16733763072317,19.69451509467128,20.16733763072317,7900.0,,,,,,
2024-03-12,19.154146194458008,20.47611895633607,18.83571462461651,18.88396110712857,17000.0,,,,,,
2024-03-13,19.057653427124023,19.298889546454703,18.47868637263328,18.893612792359736,17000.0,,,,,,
2024-03-14,18.70062255859375,19.028703817559038,18.324294813509944,18.76817021583934,17700.0,,,,,,
2024-03-15,18.92256164550781,19.18309525363679,18.382191417162453,18.382191417162453,56200.0,,,,,,
2024-03-18,19.048004150390625,19.1251996365331,18.58483123353576,18.93221184141969,16400.0,,,,,,
2024-03-19,19.491878509521484,19.491878509521484,18.835715992971405,18.91291147488992,18400.0,,,,,,
2024-03-20,19.86820602416992,19.877855689358885,18.835715775261665,19.50152610893111,11000.0,,,,,,
2024-03-21,20.53401756286621,20.53401756286621,19.32783705885473,20.04189569637128,28900.0,,,,,,
2024-03-22,19.86820602416992,20.283132424868107,19.86820602416992,20.283132424868107,10100.0,,,,,,
2024-03-25,21.518259048461918,21.711248661648487,19.79100955643204,19.79100955643204,41400.0,,,,,,
2024-03-26,21.71125030517578,22.37706249653711,20.881397482333703,21.421767703967635,26500.0,,,,,,
2024-03-27,21.925634384155277,22.41287070380317,21.13631206675022,22.15950759454718,24300.0,,,,,,
2024-03-28,21.720993041992188,22.208229294792456,21.243499878628175,21.584565627320128,72300.0,,,,,,
2024-04-01,20.86345863342285,21.477377424516312,20.707543163005884,21.477377424516312,37800.0,,,,,,
2024-04-02,20.415203094482425,20.600351562772616,20.22030781783483,20.385968245387552,13700.0,,,,,,
2024-04-03,20.434688568115234,20.756264433124468,20.054644870920377,20.19107043223979,21700.0,,,,,,
2024-04-04,20.804990768432617,20.96090623863789,20.512647867803476,20.902438401975665,14100.0,,,,,,
2024-04-05,20.68805313110352,20.960906131902853,20.37622219228085,20.80499066249152,11500.0,,,,,,
2024-04-08,20.707542419433597,20.93167066777755,20.298263859620786,20.590604891490383,13500.0,,,,,,
2024-04-09,20.843969345092773,20.87320419364884,20.70754376914928,20.70754376914928,13800.0,,,,,,
2024-04-10,19.59664535522461,20.551628094887093,19.314047397900108,20.22030724910067,32100.0,,,,,,
2024-04-11,19.73307228088379,21.233761139092596,19.353028520615485,19.53817699637435,14800.0,,,,,,
2024-04-12,19.55766487121582,19.752560135542407,19.19711104846832,19.6843473506258,12800.0,,,,,,
2024-04-15,19.518686294555664,19.69408979631656,19.33353598537264,19.586899077239167,11600.0,,,,,,
2024-04-16,19.713579177856445,19.9182193792096,19.372513414707115,19.372513414707115,6100.0,,,,,,
2024-04-17,19.343280792236328,19.91821975443522,19.343280792236328,19.430983471802865,11400.0,,,,,,
2024-04-18,19.694089889526367,19.966942880210688,19.148385766816663,19.518686386935308,27300.0,,,,,,
2024-04-19,20.463924407958984,20.463924407958984,19.362771198102564,19.362771198102564,14500.0,,,,,,
2024-04-22,20.541881561279297,21.711249380774685,19.908474766827176,20.41520094585244,29800.0,,,,,,
2024-04-23,20.64907455444336,21.43839682625837,20.47366919211581,20.68805249126117,8900.0,,,,,,
2024-04-24,20.75626564025879,21.1850341047602,20.23005140266709,20.629585020046022,19100.0,,,,,,
2024-04-25,19.947452545166016,20.53213645029154,19.84026182793188,20.074135018250303,16000.0,,,,,,
2024-04-26,21.165542602539062,21.555333099993877,20.161837089971797,20.161837089971797,24800.0,,,,,,
2024-04-29,20.473670959472656,21.360440937869623,20.23005279268977,21.360440937869623,15100.0,,,,,,
2024-04-30,19.97668838500977,20.5711172683102,19.97668838500977,20.5711172683102,11000.0,,,,,,
2024-05-01,20.62958526611328,20.86345846990576,20.259286491439944,20.259286491439944,9600.0,,,,,,
2024-05-02,21.36043930053711,21.720994977548266,20.600350009320028,20.600350009320028,19100.0,,,,,,
2024-05-03,21.23375701904297,21.915886665151977,20.717285916366823,21.506608134023043,15000.0,,,,,,
2024-05-06,21.409162521362305,21.457887266941132,21.14605632987261,21.14605632987261,7400.0,,,,,,
2024-05-07,21.097332000732425,21.9061442067161,21.097332000732425,21.43839779188051,12700.0,,,,,,
2024-05-08,21.301971435546875,21.45788690142525,20.756265446313584,20.756265446313584,7100.0,,,,,,
2024-05-09,21.730737686157227,21.730737686157227,21.08758593513919,21.43839665702501,15000.0,,,,,,
2024-05-10,21.886653900146484,21.886653900146484,21.438397392282354,21.720995340973303,9100.0,,,,,,
2024-05-13,21.95486831665039,21.964613265675943,21.47737696635209,21.93537841859928,13200.0,,,,,,
2024-05-14,22.31542015075684,22.705208783784705,21.876908635597545,21.98409934801845,12100.0,,,,,,
2024-05-15,22.149763107299805,22.841639662139464,22.07180536887581,22.62725448747916,8200.0,,,,,,
2024-05-16,22.188739776611328,22.29593049016551,21.92563174953874,22.24720760751896,13000.0,,,,,,
2024-05-17,22.276443481445312,22.6077643029932,22.227718737888903,22.29593152020896,16400.0,,,,,,
2024-05-20,21.535844802856445,22.266699251876517,21.535844802856445,22.07180398867424,6700.0,,,,,,
2024-05-21,21.56507873535156,21.964614228272996,21.243502838051143,21.682016270124016,17100.0,,,,,,
2024-05-22,21.730737686157227,21.730737686157227,21.43839665702501,21.457886554609537,9900.0,,,,,,
2024-05-23,21.46763229370117,22.013336435544783,21.360439711699048,21.6722706498954,22500.0,,,,,,
2024-05-24,21.672269821166992,21.672269821166992,21.282481163326725,21.350693946116408,12400.0,,,,,,
2024-05-28,21.409162521362305,21.643035724163692,21.38967448178977,21.643035724163692,11300.0,,,,,,
2024-05-29,20.775754928588867,21.31171595815035,20.756265031079227,21.29222606064071,11600.0,,,,,,
2024-05-30,20.990140914916992,21.83793104490369,20.990140914916992,21.058353700242478,9000.0,,,,,,
2024-05-31,21.49686622619629,21.58456891374649,21.26299301228212,21.26299301228212,9300.0,,,,,,
2024-06-03,21.19477844238281,21.75997245983333,20.95116029936692,21.75997245983333,18600.0,,,,,,
2024-06-04,20.463924407958984,21.038863385256263,20.463924407958984,21.038863385256263,13600.0,,,,,,
2024-06-05,20.424943923950195,20.902437113,20.181325784445107,20.65881897349491,18300.0,,,,,,
2024-06-06,19.947452545166016,20.502903463163545,19.82077193074062,20.24954037565385,11800.0,,,,,,
2024-06-07,19.54792022705078,19.98643364929624,19.489452390304397,19.791538381929588,9900.0,,,,,,
2024-06-10,22.120529174804688,23.38734283489806,19.440729474972617,19.55766514829806,302900.0,,,,,,
2024-06-11,22.41287040710449,24.342325761290105,22.217975138361712,24.342325761290105,101600.0,,,,,,
2024-06-12,21.798952102661133,23.63095970753875,21.63329169222069,23.484789194481635,49800.0,,,,,,
2024-06-13,21.720993041992188,22.208229294792456,21.272734722913363,21.91588642791701,26200.0,,,,,,
2024-06-14,21.185033798217773,21.57482246091573,20.951160600599,21.331204314397137,23000.0,,,,,,
2024-06-17,21.594310760498047,22.403122872732396,20.85371142685497,21.01937182857328,75500.0,,,,,,
2024-06-18,21.331205368041992,22.286189962146697,21.272737530414044,21.769718796899205,34100.0,,,,,,
2024-06-20,21.9158878326416,21.97435566630073,21.34094886879319,21.38967361239157,22700.0,,,,,,
2024-06-21,21.691761016845703,22.35440270415876,21.68201606748416,21.92563422554577,48400.0,,,,,,
2024-06-24,22.140016555786133,22.412869549858154,21.60405737523137,21.60405737523137,21500.0,,,,,,
2024-06-25,20.931671142578125,22.06205921748137,20.795245572432247,22.06205921748137,29600.0,,,,,,
2024-06-26,21.95486831665039,22.34465698437768,20.58086210124982,20.931670972874898,37400.0,,,,,,
2024-06-27,22.188739776611328,22.217972762735727,21.516353215867664,21.974354632185296,15900.0,,,,,,
2024-06-28,22.62725257873535,22.705210310583144,21.565077320647315,22.539549898074213,96900.0,,,,,,
2024-07-01,21.83793067932129,22.900105955302507,21.487119950767063,22.55904017572578,36200.0,,,,,,
2024-07-02,22.305679321289062,22.442106762033927,21.594314702329086,21.82818792532993,30000.0,,,,,,
2024-07-03,21.7404842376709,22.403125935123803,21.68201639926596,22.237465510760572,28800.0,,,,,,
2024-07-05,20.92361640930176,21.59285749070012,20.67757200450353,21.523965357703783,55900.0,,,,,,
2024-07-08,20.913774490356445,21.494439438144635,20.549627943863744,20.9925086251157,68800.0,,,,,,
2024-07-09,21.336971282958984,21.34681328450286,20.77599033514709,20.81535646415273,39000.0,,,,,,
2024-07-10,21.81921768188477,21.937319821002127,20.92361620724165,21.36649500529967,23500.0,,,,,,
2024-07-11,23.17738151550293,23.443109915574425,22.075103664877865,22.18336380057435,67100.0,,,,,,
2024-07-12,23.07896614074707,23.74820535134946,22.6557694601164,23.41358668463319,36000.0,,,,,,
2024-07-15,23.895832061767575,24.407602971227018,23.206907012292163,23.206907012292163,51000.0,,,,,,
2024-07-16,24.555233001708984,24.75206740447191,23.669471619181213,24.053302177333208,72100.0,,,,,,
2024-07-17,25.273681640625,25.44099191150024,24.11235174598157,24.11235174598157,40300.0,,,,,,
2024-07-18,24.319026947021484,25.893711440500788,23.70883790249397,25.3524145257906,35800.0,,,,,,
2024-07-19,24.476497650146484,25.05716070506717,24.30918738365991,24.30918738365991,46100.0,,,,,,
2024-07-22,25.637826919555664,26.28738401554252,24.39776473788613,24.53554900758944,76500.0,,,,,,
2024-07-23,27.56681632995605,27.773492736375623,25.67719515808184,25.67719515808184,126700.0,,,,,,
2024-07-24,26.838523864746094,28.06874587676596,26.45469332052042,27.360136796453837,55500.0,,,,,,
2024-07-25,27.76365089416504,28.14748145813192,25.12605634156013,26.572796826323223,64800.0,,,,,,
2024-07-26,27.64554786682129,28.2951049075693,26.97630682431249,28.2951049075693,63000.0,,,,,,
2024-07-29,26.00197410583496,27.773493160241276,25.696879553867525,27.547132746754787,34800.0,,,,,,
2024-07-30,26.582637786865234,26.582637786865234,25.70672030426346,25.70672030426346,34500.0,,,,,,
2024-07-31,27.094411849975582,28.019537505450756,26.159442315399488,26.582639012582987,41400.0,,,,,,
2024-08-01,25.36225700378418,27.01567565917529,24.42728754024261,26.897573522146025,40400.0,,,,,,
2024-08-02,24.693017959594727,24.82096023109809,23.216751450462336,23.925358699064702,37500.0,,,,,,
2024-08-05,23.96472549438477,24.12219376388396,21.140134890549596,22.498301061442408,57800.0,,,,,,
2024-08-06,23.67931365966797,24.75206744500159,23.610421524729645,23.9647260783209,29800.0,,,,,,
2024-08-07,23.393903732299805,24.437131539830037,23.22659345284185,24.0729849749498,52900.0,,,,,,
2024-08-08,23.935199737548828,24.082826007085437,22.655769565338453,23.590737190516847,20000.0,,,,,,
2024-08-09,23.59073638916016,24.013933057380697,23.12817359307969,23.8564647916014,31500.0,,,,,,
2024-08-12,24.220611572265625,24.41744596787817,23.610420628376158,23.610420628376158,34900.0,,,,,,
2024-08-13,24.28950500488281,24.801277839777928,24.191086863223,24.59459955457532,15100.0,,,,,,
2024-08-14,24.45681381225586,24.712700214320005,24.06314314645325,24.5158639428338,14800.0,,,,,,
2024-08-15,24.948904037475582,26.001973832528183,24.78159376031593,25.145738443024065,33500.0,,,,,,
2024-08-16,25.145736694335938,26.02165602663258,24.939060301307265,24.939060301307265,82900.0,,,,,,
2024-08-19,25.56893348693848,25.765769756955425,24.90953442270243,25.076844689065897,14400.0,,,,,,
2024-08-20,25.23431396484375,25.59846051580821,25.14573782750564,25.490200375246097,20300.0,,,,,,
2024-08-21,25.41146469116211,25.568932953019573,24.93905990558973,24.99811003449384,15400.0,,,,,,
2024-08-22,25.145736694335938,25.450833099049383,24.89969229663336,25.126054569168765,13000.0,,,,,,
2024-08-23,26.76963233947754,27.6455498312046,25.40162415461353,25.40162415461353,59700.0,,,,,,
2024-08-26,26.198810577392575,27.30108852398396,25.45083531790631,26.79915768365094,49800.0,,,,,,
2024-08-27,26.73026466369629,26.84836680694354,25.588618746709017,26.001973432319573,21300.0,,,,,,
2024-08-28,26.73026466369629,27.23219548744981,26.553112387410355,26.8975749382808,12300.0,,,,,,
2024-08-29,26.631845474243164,27.41918868479784,26.11023254481437,26.956624008910648,17800.0,,,,,,
2024-08-30,27.055042266845703,27.06488426820361,26.22833292447972,26.54326945925346,10500.0,,,,,,
2024-09-03,25.58861923217773,26.66137303477724,24.958746128695424,26.66137303477724,29600.0,,,,,,
2024-09-04,25.342573165893555,25.94292210177993,25.27368103433344,25.40162329620654,17000.0,,,,,,
2024-09-05,25.893712997436523,26.56295408819305,25.263839913039728,25.342574048589327,19500.0,,,,,,
2024-09-06,25.460674285888672,25.913395062140197,25.421306282473903,25.71655879940579,20200.0,,,,,,
2024-09-09,25.61814308166504,25.88386960160029,25.460674819047934,25.460674819047934,18200.0,,,,,,
2024-09-10,25.99213218688965,25.99213218688965,25.362259077030437,25.765771772680235,15500.0,,,,,,
2024-09-11,26.00197410583496,26.248018523234165,25.509885271036545,25.71656168061031,20600.0,,,,,,
2024-09-12,26.39564323425293,26.631845635700383,26.01181456654705,26.218490963874885,13700.0,,,,,,
2024-09-13,27.232196807861328,27.330614952477735,26.22833511167989,26.858210110922936,20700.0,,,,,,
2024-09-16,27.16330337524414,27.547132056068836,26.72042268416189,27.143619371824958,29500.0,,,,,,
2024-09-17,26.44485282897949,27.556972686441902,26.44485282897949,27.556972686441902,37100.0,,,,,,
2024-09-18,27.01567649841309,27.39950517063468,26.26770127977805,26.543269812790538,26300.0,,,,,,
2024-09-19,27.52744674682617,27.56681475179704,26.50390302079102,27.556972750554323,24500.0,,,,,,
2024-09-20,27.094411849975582,27.488082541366072,26.24801845560859,27.173145988253683,104300.0,,,,,,
2024-09-23,26.8680477142334,27.123934115351883,26.57279518526504,27.123934115351883,13300.0,,,,,,
2024-09-24,27.005834579467773,27.39950525438162,26.86804843537054,27.074726712931465,21000.0,,,,,,
2024-09-25,26.93694305419922,27.13377745751544,26.28738407946301,27.04520131901368,26600.0,,,,,,
2024-09-26,26.8188419342041,27.34045678338449,26.74994979655517,27.261722643618576,20300.0,,,,,,
2024-09-27,27.25187873840332,27.360136999790157,26.84836606563555,27.10425247129777,23500.0,,,,,,
2024-09-30,27.21251106262207,27.69475787550445,26.838524389608946,26.995992660053403,19800.0,,,,,,
2024-10-01,25.74608612060547,27.03535826375635,25.539409723601736,27.03535826375635,26000.0,,,,,,
2024-10-02,25.647668838500977,26.06102352344677,25.509884569242335,26.06102352344677,9600.0,,,,,,
2024-10-03,25.83466339111328,25.83466339111328,25.1555802849393,25.6476691114367,16300.0,,,,,,
2024-10-04,25.88528060913086,26.33192156224001,25.88528060913086,26.33192156224001,10700.0,,,,,,
2024-10-07,25.79595375061035,26.28229509516166,25.73640225148987,25.90513307658792,15600.0,,,,,,
2024-10-08,25.98453521728516,26.17311716957593,25.716550636625843,25.92498371928575,13100.0,,,,,,
2024-10-09,26.00438690185547,26.31207185670239,25.79595381475347,25.95475907487498,11800.0,,,,,,
2024-10-10,25.934907913208008,25.97461017474513,25.73640228484645,25.73640228484645,14300.0,,,,,,
2024-10-11,27.21527671813965,27.21527671813965,25.835655349719858,26.014309842500943,12900.0,,,,,,
2024-10-14,27.50311088562012,27.50311088562012,26.977069179454443,27.175574805006548,15600.0,,,,,,
2024-10-15,27.80087280273437,28.346765651937385,27.23512882258739,27.552739345258814,26400.0,,,,,,
2024-10-16,28.54527282714844,28.54527282714844,27.860423962795053,28.26736267664509,22700.0,,,,,,
2024-10-17,28.27728843688965,28.45594482822257,28.08870648013734,28.416242566545016,13000.0,,,,,,
2024-10-18,27.91997528076172,28.44601888230465,27.91997528076172,28.44601888230465,14000.0,,,,,,
2024-10-21,27.18550109863281,27.95967817042018,27.05647253322228,27.89020110496004,25300.0,,,,,,
2024-10-22,27.026695251464844,27.35423133376173,26.798412929008105,27.35423133376173,24600.0,,,,,,
2024-10-23,26.897666931152344,26.996920691886608,26.62968234510224,26.78848760503385,51200.0,,,,,,
2024-10-24,26.887741088867188,27.09617228046541,26.67930800416096,26.8976666541492,13200.0,,,,,,
2024-10-25,26.24259376525879,27.28475348066871,26.173116703312523,27.28475348066871,13800.0,,,,,,
2024-10-28,26.977069854736328,27.03662135458184,26.391474742449383,26.391474742449383,14700.0,,,,,,
2024-10-29,27.076322555541992,27.08624812064531,26.639607156535902,26.7388609144611,12900.0,,,,,,
2024-10-30,27.25497817993164,27.651993228119807,26.90759285242907,26.90759285242907,16200.0,,,,,,
2024-10-31,26.9075927734375,27.433634492458854,26.848039380519275,27.17557546913734,21100.0,,,,,,
2024-11-01,27.34430503845215,27.592438484874062,26.93736633776884,26.94729190279867,22100.0,,,,,,
2024-11-04,27.60236358642578,27.840571463818065,27.0465452058438,27.116022266778057,18000.0,,,,,,
2024-11-05,28.66437530517578,28.66437530517578,27.225202431334623,27.225202431334623,17500.0,,,,,,
2024-11-06,31.91988754272461,32.59481084413053,29.101091338681066,29.776014640086988,115800.0,,,,,,
2024-11-07,30.579965591430664,31.56257381801577,30.441011466390744,31.463321953334667,41000.0,,,,,,
2024-11-08,31.85041046142578,31.959589787510083,30.768548445287983,30.84795107522892,27800.0,,,,,,
2024-11-11,32.91242218017578,33.00175037775972,31.979441728022795,32.346678190882905,33300.0,,,,,,
2024-11-12,32.87271881103516,33.170478197552605,32.545184621730776,33.001749266805255,40500.0,,,,,,
2024-11-13,32.2474250793457,33.49801601116066,32.2474250793457,32.88264611050352,27400.0,,,,,,
2024-11-14,31.890111923217773,32.26727203959387,31.572499518311,32.2176461070408,22700.0,,,,,,
2024-11-15,32.02906799316406,32.20772439017314,31.235039772357947,32.08862138757249,28500.0,,,,,,
2024-11-18,31.79085731506348,32.495559210818215,31.68167988124264,31.68167988124264,18900.0,,,,,,
2024-11-19,31.79085731506348,31.900036641992354,31.106010336440622,31.324367097190343,20700.0,,,,,,
2024-11-20,31.6717529296875,31.6717529296875,31.00675521797568,31.354142421366863,14600.0,,,,,,
2024-11-21,32.17794418334961,32.50548215681725,31.53279948097444,31.53279948097444,19500.0,,,,,,
2024-11-22,32.743690490722656,33.08115212142039,32.00921384053965,32.45585479090663,23200.0,,,,,,
2024-11-25,32.95212173461914,33.89502956802216,32.93227060498566,33.14070178681341,24100.0,,,,,,
2024-11-26,32.852867126464844,33.07122577312976,31.87026078890464,32.73376413110942,18800.0,,,,,,
2024-11-27,32.79331588745117,33.53771619719904,31.89011032973906,32.85286548905291,44300.0,,,,,,
2024-11-29,33.26973342895508,33.388836424809625,32.36652782244148,32.93227178552055,14000.0,,,,,,
2024-12-02,32.95212173461914,33.299507037665386,32.19779395341039,33.15062924473807,22000.0,,,,,,
2024-12-03,32.187870025634766,32.7536139639327,32.187870025634766,32.7536139639327,14600.0,,,,,,
2024-12-04,32.42607879638672,32.69406338803654,31.989365269003372,32.29705212301972,19600.0,,,,,,
2024-12-05,32.45585632324219,32.76353938096485,32.26727247628597,32.63451271182387,12300.0,,,,,,
2024-12-06,32.35660171508789,32.65436489648019,31.95959045025837,32.65436489648019,15500.0,,,,,,
2024-12-09,31.93973731994629,33.10100002431366,31.83055799843157,32.316901216210994,13200.0,,,,,,
2024-12-10,32.67420959472656,32.97197275199913,32.038988593481285,32.038988593481285,18900.0,,,,,,
2024-12-11,32.783390045166016,33.45831332882604,32.52533292433881,32.86279456616882,32600.0,,,,,,
2024-12-12,32.10846710205078,32.87271858683669,31.860333650609228,32.87271858683669,14500.0,,,,,,
2024-12-13,31.73130416870117,32.24742408018737,31.49309628939765,31.90996244456374,21200.0,,,,,,
2024-12-16,32.45585632324219,32.77346683933939,31.46332251388442,31.76108189944855,18600.0,,,,,,
2024-12-17,31.681678771972656,32.60473360994212,31.592350579087228,32.46577948461278,28300.0,,,,,,
2024-12-18,29.46832847595215,31.68167835233432,29.299597657526583,31.572499030674265,26900.0,,,,,,
2024-12-19,29.24004554748535,29.865342916770167,28.922435026690284,29.865342916770167,21800.0,,,,,,
2024-12-20,29.696611404418945,30.06384974379077,28.694152038142324,28.694152038142324,77500.0,,,,,,
2024-12-23,29.0018367767334,29.726387885054805,28.793405588702672,29.69661118971843,16200.0,,,,,,
2024-12-24,29.150718688964844,29.230121317649097,28.6346006559632,28.843031846343862,9500.0,,,,,,
2024-12-26,29.37900161743164,29.37900161743164,28.882734704613902,28.882734704613902,11100.0,,,,,,
2024-12-27,28.559999465942383,29.26000022888184,28.450000762939453,29.26000022888184,13800.0,,,,,,
2024-12-30,28.520000457763672,28.790000915527344,27.989999771118164,28.229999542236328,9500.0,,,,,,
2024-12-31,29.450000762939453,29.450000762939453,28.309999465942383,28.5,39500.0,,,,,,
2025-01-02,28.350000381469727,29.86000061035156,28.01000022888184,29.86000061035156,13800.0,,,,,,
2025-01-03,28.149999618530277,28.61000061035156,28.030000686645508,28.5,19300.0,,,,,,
2025-01-06,27.51000022888184,28.489999771118164,27.36000061035156,28.09000015258789,24900.0,,,,,,
2025-01-07,26.809999465942383,27.559999465942383,26.40999984741211,27.559999465942383,23200.0,,,,,,
2025-01-08,26.799999237060547,26.799999237060547,26.51000022888184,26.51000022888184,9900.0,,,,,,
2025-01-10,25.170000076293945,26.21999931335449,24.729999542236328,26.21999931335449,35000.0,,,,,,
2025-01-13,26.34000015258789,26.36000061035156,24.90999984741211,24.90999984741211,33200.0,,,,,,
2025-01-14,26.700000762939453,26.790000915527344,26.299999237060547,26.459999084472656,15200.0,,,,,,
2025-01-15,27.31999969482422,27.71999931335449,26.86000061035156,27.57999992370605,11200.0,,,,,,
2025-01-16,26.290000915527344,27.8700008392334,25.670000076293945,27.38999938964844,30700.0,,,,,,
2025-01-17,,,,,,,26.700000762939453,27.030000686645508,26.049999237060547,26.520000457763672,18800.0
