Date,AdjClose,Close,High,Low,Open,Volume,"('Close', 'GCT')","('High', 'GCT')","('Low', 'GCT')","('Open', 'GCT')","('Volume', 'GCT')"
2023-01-17,6.039999961853027,6.349999904632568,5.900000095367432,6.349999904632568,188200.0,,,,,,
2023-01-18,5.949999809265137,6.150000095367432,5.710000038146973,6.019999980926514,226300.0,,,,,,
2023-01-19,6.170000076293945,6.199999809265137,5.849999904632568,5.960000038146973,102300.0,,,,,,
2023-01-20,6.119999885559082,6.216000080108643,6.0,6.159999847412109,78800.0,,,,,,
2023-01-23,6.079999923706055,6.265999794006348,5.980000019073486,6.059999942779541,133900.0,,,,,,
2023-01-24,5.860000133514404,6.144000053405762,5.849999904632568,6.010000228881836,157700.0,,,,,,
2023-01-25,5.78000020980835,5.979000091552734,5.699999809265137,5.840000152587891,131500.0,,,,,,
2023-01-26,5.789999961853027,5.920000076293945,5.739999771118164,5.820000171661377,138700.0,,,,,,
2023-01-27,5.940000057220459,6.0,5.739999771118164,5.739999771118164,170200.0,,,,,,
2023-01-30,5.590000152587891,5.929999828338623,5.579999923706055,5.809999942779541,151400.0,,,,,,
2023-01-31,5.849999904632568,5.869999885559082,5.559999942779541,5.559999942779541,163700.0,,,,,,
2023-02-01,5.840000152587891,5.909999847412109,5.619999885559082,5.860000133514404,225800.0,,,,,,
2023-02-02,5.909999847412109,6.110000133514404,5.769999980926514,5.769999980926514,178700.0,,,,,,
2023-02-03,5.840000152587891,6.0,5.820000171661377,5.880000114440918,147200.0,,,,,,
2023-02-06,5.519999980926514,5.880000114440918,5.5,5.840000152587891,232500.0,,,,,,
2023-02-07,5.429999828338623,5.570000171661377,5.309999942779541,5.570000171661377,127400.0,,,,,,
2023-02-08,5.349999904632568,5.449999809265137,5.28000020980835,5.449999809265137,89500.0,,,,,,
2023-02-09,5.260000228881836,5.409999847412109,5.260000228881836,5.400000095367432,67500.0,,,,,,
2023-02-10,4.940000057220459,5.380000114440918,4.860000133514404,5.289999961853027,255000.0,,,,,,
2023-02-13,5.010000228881836,5.125,4.900000095367432,5.0,90100.0,,,,,,
2023-02-14,5.099999904632568,5.204999923706055,4.789999961853027,5.0,131000.0,,,,,,
2023-02-15,5.420000076293945,5.449999809265137,5.050000190734863,5.059999942779541,182800.0,,,,,,
2023-02-16,5.289999961853027,5.440000057220459,5.258999824523926,5.400000095367432,81100.0,,,,,,
2023-02-17,5.340000152587891,5.409999847412109,5.269999980926514,5.269999980926514,53400.0,,,,,,
2023-02-21,5.119999885559082,5.289999961853027,5.050000190734863,5.28000020980835,100700.0,,,,,,
2023-02-22,5.159999847412109,5.190000057220459,5.050000190734863,5.050000190734863,56200.0,,,,,,
2023-02-23,5.050000190734863,5.15500020980835,5.019999980926514,5.090000152587891,82800.0,,,,,,
2023-02-24,5.010000228881836,5.099999904632568,4.989999771118164,5.050000190734863,99400.0,,,,,,
2023-02-27,5.119999885559082,5.239999771118164,5.010000228881836,5.010000228881836,238200.0,,,,,,
2023-02-28,5.059999942779541,5.150000095367432,5.010000228881836,5.150000095367432,217700.0,,,,,,
2023-03-01,5.0,5.090000152587891,4.96999979019165,5.059999942779541,210500.0,,,,,,
2023-03-02,4.929999828338623,5.059999942779541,4.900000095367432,5.059999942779541,111900.0,,,,,,
2023-03-03,4.96999979019165,5.019999980926514,4.929999828338623,4.949999809265137,159900.0,,,,,,
2023-03-06,4.949999809265137,5.130000114440918,4.949999809265137,4.980000019073486,133300.0,,,,,,
2023-03-07,4.960000038146973,5.079999923706055,4.949999809265137,4.949999809265137,123100.0,,,,,,
2023-03-08,4.949999809265137,5.059999942779541,4.889999866485596,5.0,141400.0,,,,,,
2023-03-09,4.880000114440918,5.054999828338623,4.880000114440918,4.940000057220459,144300.0,,,,,,
2023-03-10,4.900000095367432,4.989999771118164,4.855000019073486,4.960000038146973,265300.0,,,,,,
2023-03-13,5.21999979019165,5.21999979019165,4.880000114440918,4.900000095367432,159000.0,,,,,,
2023-03-14,5.099999904632568,5.269999980926514,5.074999809265137,5.190000057220459,112700.0,,,,,,
2023-03-15,5.800000190734863,5.820000171661377,5.0,5.0,335500.0,,,,,,
2023-03-16,5.889999866485596,6.079999923706055,5.599999904632568,5.809999942779541,220000.0,,,,,,
2023-03-17,5.269999980926514,6.150000095367432,5.109000205993652,6.110000133514404,1580200.0,,,,,,
2023-03-20,5.039999961853027,5.230000019073486,5.0,5.099999904632568,99500.0,,,,,,
2023-03-21,5.150000095367432,5.199999809265137,5.0,5.050000190734863,121100.0,,,,,,
2023-03-22,5.090000152587891,5.289999961853027,5.059999942779541,5.110000133514404,117800.0,,,,,,
2023-03-23,5.139999866485596,5.239999771118164,5.050000190734863,5.130000114440918,162000.0,,,,,,
2023-03-24,5.210000038146973,5.28000020980835,5.110000133514404,5.159999847412109,179700.0,,,,,,
2023-03-27,5.440000057220459,5.480000019073486,5.159999847412109,5.170000076293945,150200.0,,,,,,
2023-03-28,5.349999904632568,5.554999828338623,5.349999904632568,5.480000019073486,82600.0,,,,,,
2023-03-29,5.570000171661377,5.639999866485596,5.379000186920166,5.380000114440918,94300.0,,,,,,
2023-03-30,6.03000020980835,6.139999866485596,5.570000171661377,5.570000171661377,226900.0,,,,,,
2023-03-31,6.300000190734863,6.340000152587891,5.980000019073486,6.090000152587891,136800.0,,,,,,
2023-04-03,6.420000076293945,6.440000057220459,6.21999979019165,6.21999979019165,73800.0,,,,,,
2023-04-04,6.0,6.440000057220459,5.949999809265137,6.420000076293945,89700.0,,,,,,
2023-04-05,5.71999979019165,6.059999942779541,5.659999847412109,6.039999961853027,87600.0,,,,,,
2023-04-06,5.630000114440918,5.724999904632568,5.454999923706055,5.724999904632568,55900.0,,,,,,
2023-04-10,5.71999979019165,5.880000114440918,5.619999885559082,5.710000038146973,48900.0,,,,,,
2023-04-11,6.21999979019165,6.21999979019165,5.715000152587891,5.739999771118164,111200.0,,,,,,
2023-04-12,5.940000057220459,6.25,5.900000095367432,6.25,70100.0,,,,,,
2023-04-13,5.900000095367432,6.050000190734863,5.849999904632568,5.849999904632568,39800.0,,,,,,
2023-04-14,5.559999942779541,5.880000114440918,5.510000228881836,5.849999904632568,99900.0,,,,,,
2023-04-17,5.599999904632568,5.699999809265137,5.570000171661377,5.659999847412109,57500.0,,,,,,
2023-04-18,5.579999923706055,5.63100004196167,5.390999794006348,5.599999904632568,85800.0,,,,,,
2023-04-19,5.300000190734863,5.610000133514404,5.25,5.519999980926514,97000.0,,,,,,
2023-04-20,5.300000190734863,5.380000114440918,5.210000038146973,5.380000114440918,51700.0,,,,,,
2023-04-21,5.260000228881836,5.46999979019165,5.24399995803833,5.309999942779541,50100.0,,,,,,
2023-04-24,5.300000190734863,5.340000152587891,5.199999809265137,5.199999809265137,54600.0,,,,,,
2023-04-25,5.300000190734863,5.380000114440918,5.21999979019165,5.21999979019165,36000.0,,,,,,
2023-04-26,5.150000095367432,5.360000133514404,5.099999904632568,5.269999980926514,67200.0,,,,,,
2023-04-27,5.010000228881836,5.102000236511231,4.929999828338623,5.099999904632568,75300.0,,,,,,
2023-04-28,5.53000020980835,5.909999847412109,5.11899995803833,5.260000228881836,547100.0,,,,,,
2023-05-01,5.579999923706055,5.599999904632568,5.289999961853027,5.380000114440918,122300.0,,,,,,
2023-05-02,5.179999828338623,5.630000114440918,5.099999904632568,5.449999809265137,165000.0,,,,,,
2023-05-03,5.179999828338623,5.28000020980835,5.110000133514404,5.239999771118164,22200.0,,,,,,
2023-05-04,5.260000228881836,5.75,5.010000228881836,5.110000133514404,94200.0,,,,,,
2023-05-05,5.050000190734863,5.255000114440918,4.96999979019165,5.239999771118164,145900.0,,,,,,
2023-05-08,5.260000228881836,5.339000225067139,5.0,5.0,61800.0,,,,,,
2023-05-09,5.295000076293945,5.400000095367432,5.190000057220459,5.199999809265137,89900.0,,,,,,
2023-05-10,5.420000076293945,5.449999809265137,5.263999938964844,5.340000152587891,68000.0,,,,,,
2023-05-11,5.239999771118164,5.489999771118164,5.179999828338623,5.489999771118164,110300.0,,,,,,
2023-05-12,5.239999771118164,5.264999866485596,5.110000133514404,5.199999809265137,42800.0,,,,,,
2023-05-15,5.5,5.5,5.190000057220459,5.28000020980835,74100.0,,,,,,
2023-05-16,5.269999980926514,5.5,5.25,5.5,55500.0,,,,,,
2023-05-17,5.320000171661377,5.480000019073486,5.309999942779541,5.369999885559082,29300.0,,,,,,
2023-05-18,5.289999961853027,5.389999866485596,5.25,5.25,73900.0,,,,,,
2023-05-19,5.269999980926514,5.349999904632568,5.260000228881836,5.260000228881836,19100.0,,,,,,
2023-05-22,5.465000152587891,5.5,5.300000190734863,5.340000152587891,49500.0,,,,,,
2023-05-23,5.659999847412109,5.849999904632568,5.400000095367432,5.400000095367432,138300.0,,,,,,
2023-05-24,7.159999847412109,11.779999732971191,7.03000020980835,11.010000228881836,31940000.0,,,,,,
2023-05-25,5.789999961853027,7.349999904632568,5.789999961853027,7.099999904632568,2318200.0,,,,,,
2023-05-26,6.449999809265137,7.5,5.900000095367432,5.920000076293945,5385600.0,,,,,,
2023-05-30,6.760000228881836,7.300000190734863,6.53000020980835,6.559999942779541,1507800.0,,,,,,
2023-05-31,6.75,6.900000095367432,6.309999942779541,6.800000190734863,532300.0,,,,,,
2023-06-01,6.679999828338623,6.889999866485596,6.409999847412109,6.659999847412109,459300.0,,,,,,
2023-06-02,6.78000020980835,7.059999942779541,6.650000095367432,6.800000190734863,772200.0,,,,,,
2023-06-05,6.78000020980835,6.900000095367432,6.599999904632568,6.800000190734863,420400.0,,,,,,
2023-06-06,6.800000190734863,6.860000133514404,6.699999809265137,6.699999809265137,325000.0,,,,,,
2023-06-07,7.0,7.489999771118164,6.75,6.869999885559082,654200.0,,,,,,
2023-06-08,7.0,7.050000190734863,6.900000095367432,6.989999771118164,470400.0,,,,,,
2023-06-09,6.980000019073486,7.099999904632568,6.860000133514404,6.980000019073486,309400.0,,,,,,
2023-06-12,7.5,7.71999979019165,7.019999980926514,7.090000152587891,843300.0,,,,,,
2023-06-13,7.5,7.550000190734863,7.301000118255615,7.5,404700.0,,,,,,
2023-06-14,7.800000190734863,9.140000343322754,7.710000038146973,8.010000228881836,2701400.0,,,,,,
2023-06-15,7.840000152587891,7.919000148773193,7.579999923706055,7.730000019073486,304900.0,,,,,,
2023-06-16,8.079999923706055,8.229999542236328,7.730000019073486,8.0600004196167,662000.0,,,,,,
2023-06-20,7.650000095367432,8.079999923706055,7.519999980926514,8.079999923706055,485800.0,,,,,,
2023-06-21,7.559999942779541,7.679999828338623,7.369999885559082,7.559999942779541,210100.0,,,,,,
2023-06-22,7.800000190734863,7.889999866485596,7.409999847412109,7.409999847412109,120700.0,,,,,,
2023-06-23,7.789999961853027,7.880000114440918,7.550000190734863,7.559999942779541,143300.0,,,,,,
2023-06-26,7.78000020980835,7.849999904632568,7.539999961853027,7.630000114440918,134600.0,,,,,,
2023-06-27,7.840000152587891,8.039999961853027,7.699999809265137,7.699999809265137,263800.0,,,,,,
2023-06-28,7.659999847412109,7.929999828338623,7.630000114440918,7.800000190734863,180900.0,,,,,,
2023-06-29,7.5,7.804999828338623,7.460000038146973,7.710000038146973,176400.0,,,,,,
2023-06-30,6.760000228881836,7.630000114440918,6.75,7.630000114440918,420400.0,,,,,,
2023-07-03,7.150000095367432,7.349999904632568,6.699999809265137,6.940000057220459,205400.0,,,,,,
2023-07-05,7.400000095367432,7.550000190734863,7.175000190734863,7.269999980926514,284500.0,,,,,,
2023-07-06,7.389999866485596,7.400000095367432,7.010000228881836,7.400000095367432,297400.0,,,,,,
2023-07-07,7.130000114440918,7.849999904632568,7.019999980926514,7.210000038146973,313400.0,,,,,,
2023-07-10,7.360000133514404,7.46999979019165,7.03000020980835,7.199999809265137,248600.0,,,,,,
2023-07-11,7.079999923706055,7.369999885559082,7.010000228881836,7.340000152587891,252200.0,,,,,,
2023-07-12,7.570000171661377,7.650000095367432,7.079999923706055,7.079999923706055,289700.0,,,,,,
2023-07-13,8.0600004196167,8.25,7.460000038146973,7.679999828338623,775800.0,,,,,,
2023-07-14,7.75,8.550000190734863,7.690000057220459,8.130000114440918,666700.0,,,,,,
2023-07-17,8.199999809265137,8.25,7.5,7.800000190734863,496800.0,,,,,,
2023-07-18,8.25,8.5,8.128000259399414,8.300000190734863,213700.0,,,,,,
2023-07-19,8.850000381469727,8.850000381469727,8.140000343322754,8.270000457763672,355400.0,,,,,,
2023-07-20,8.319999694824219,8.916000366210938,8.260000228881836,8.800000190734863,165000.0,,,,,,
2023-07-21,8.699999809265137,9.09000015258789,8.100000381469727,8.4399995803833,276400.0,,,,,,
2023-07-24,8.510000228881836,8.649999618530273,7.989999771118164,8.649999618530273,569300.0,,,,,,
2023-07-25,8.180000305175781,8.699999809265137,8.130000114440918,8.5,302500.0,,,,,,
2023-07-26,8.539999961853027,8.550000190734863,8.100000381469727,8.170000076293945,235100.0,,,,,,
2023-07-27,8.289999961853027,8.75,8.149999618530273,8.600000381469727,244600.0,,,,,,
2023-07-28,8.470000267028809,8.5,8.130000114440918,8.3100004196167,156900.0,,,,,,
2023-07-31,8.739999771118164,8.9399995803833,8.5,8.5,275700.0,,,,,,
2023-08-01,9.0,9.199999809265137,8.409000396728516,8.699999809265137,430700.0,,,,,,
2023-08-02,8.84000015258789,9.199999809265137,8.600000381469727,8.6899995803833,219800.0,,,,,,
2023-08-03,9.399999618530272,9.399999618530272,8.958000183105469,8.989999771118164,357700.0,,,,,,
2023-08-04,9.079999923706056,9.470000267028809,8.920000076293945,9.40999984741211,271200.0,,,,,,
2023-08-07,9.239999771118164,9.350000381469728,8.850000381469727,8.979999542236328,294900.0,,,,,,
2023-08-08,9.729999542236328,9.850000381469728,9.039999961853027,9.06999969482422,368400.0,,,,,,
2023-08-09,10.390000343322754,10.600000381469728,9.699999809265137,9.899999618530272,819800.0,,,,,,
2023-08-10,10.630000114440918,11.09000015258789,10.399999618530272,10.75,320500.0,,,,,,
2023-08-11,10.720000267028809,10.989999771118164,10.149999618530272,10.81999969482422,276600.0,,,,,,
2023-08-14,10.31999969482422,10.758000373840332,9.699999809265137,10.75,424500.0,,,,,,
2023-08-15,10.140000343322754,10.859999656677246,9.3100004196167,10.699999809265137,782100.0,,,,,,
2023-08-16,11.59000015258789,12.43000030517578,10.0,10.25,2483600.0,,,,,,
2023-08-17,11.890000343322754,12.0,11.0600004196167,11.390000343322754,856400.0,,,,,,
2023-08-18,11.539999961853027,12.0,11.18000030517578,11.789999961853027,706100.0,,,,,,
2023-08-21,12.59000015258789,12.939000129699709,11.25,11.640000343322754,936400.0,,,,,,
2023-08-22,12.960000038146973,13.5,12.510000228881836,12.829999923706056,892200.0,,,,,,
2023-08-23,12.65999984741211,13.239999771118164,12.359999656677246,12.880000114440918,721400.0,,,,,,
2023-08-24,12.300000190734863,12.989999771118164,12.210000038146973,12.81999969482422,404400.0,,,,,,
2023-08-25,12.09000015258789,12.550000190734863,11.510000228881836,12.5,455000.0,,,,,,
2023-08-28,11.600000381469728,12.050000190734863,10.149999618530272,12.050000190734863,655300.0,,,,,,
2023-08-29,12.25,12.470000267028809,11.449999809265137,11.65999984741211,338900.0,,,,,,
2023-08-30,12.65999984741211,12.960000038146973,12.045000076293944,12.779999732971191,476100.0,,,,,,
2023-08-31,12.510000228881836,12.949999809265137,12.352999687194824,12.649999618530272,347500.0,,,,,,
2023-09-01,13.579999923706056,13.800000190734863,12.380000114440918,12.75,580700.0,,,,,,
2023-09-05,14.489999771118164,15.0,12.600000381469728,13.5,878200.0,,,,,,
2023-09-06,14.149999618530272,15.100000381469728,14.020000457763672,14.81999969482422,1451000.0,,,,,,
2023-09-07,14.770000457763672,15.0,13.329999923706056,14.460000038146973,861100.0,,,,,,
2023-09-08,16.399999618530273,16.93000030517578,14.550000190734863,15.0,1713700.0,,,,,,
2023-09-11,17.729999542236328,18.600000381469727,16.5,17.0,2921500.0,,,,,,
2023-09-12,13.25,18.600000381469727,12.76099967956543,18.0,3371000.0,,,,,,
2023-09-13,12.210000038146973,13.229999542236328,10.779999732971191,13.109999656677246,3563100.0,,,,,,
2023-09-14,11.93000030517578,13.380000114440918,11.5,12.329999923706056,2000100.0,,,,,,
2023-09-15,11.449999809265137,12.43000030517578,11.399999618530272,11.93000030517578,690500.0,,,,,,
2023-09-18,10.0,11.600000381469728,9.699999809265137,11.380000114440918,1968100.0,,,,,,
2023-09-19,10.520000457763672,10.649999618530272,9.1899995803833,10.020000457763672,1296200.0,,,,,,
2023-09-20,10.619999885559082,11.550000190734863,9.800000190734863,10.329999923706056,1249200.0,,,,,,
2023-09-21,9.8100004196167,11.289999961853027,9.710000038146973,10.520000457763672,829300.0,,,,,,
2023-09-22,9.25,10.0600004196167,9.109999656677246,10.029999732971191,721400.0,,,,,,
2023-09-25,9.890000343322754,10.449999809265137,9.119999885559082,9.170000076293944,682200.0,,,,,,
2023-09-26,9.489999771118164,10.039999961853027,9.3100004196167,9.720000267028809,530900.0,,,,,,
2023-09-27,9.470000267028809,9.960000038146973,9.399999618530272,9.600000381469728,650900.0,,,,,,
2023-09-28,7.690000057220459,9.489999771118164,6.710000038146973,9.470000267028809,4802600.0,,,,,,
2023-09-29,8.8100004196167,9.050000190734863,7.349999904632568,7.349999904632568,2501300.0,,,,,,
2023-10-02,9.039999961853027,9.276000022888184,8.350000381469727,8.899999618530273,803300.0,,,,,,
2023-10-03,8.960000038146973,9.289999961853027,8.279999732971191,9.029999732971191,713400.0,,,,,,
2023-10-04,8.9399995803833,9.229999542236328,8.789999961853027,8.920000076293945,262600.0,,,,,,
2023-10-05,8.5,8.989999771118164,8.239999771118164,8.789999961853027,568200.0,,,,,,
2023-10-06,8.670000076293945,8.760000228881836,8.140000343322754,8.289999961853027,452700.0,,,,,,
2023-10-09,9.960000038146973,10.050000190734863,8.489999771118164,8.550000190734863,514600.0,,,,,,
2023-10-10,9.06999969482422,11.199999809265137,8.769000053405762,10.020000457763672,1266200.0,,,,,,
2023-10-11,8.770000457763672,9.640000343322754,8.552000045776367,9.09000015258789,427500.0,,,,,,
2023-10-12,9.1899995803833,9.300000190734863,8.579999923706055,9.109999656677246,329100.0,,,,,,
2023-10-13,8.6899995803833,9.34000015258789,8.59000015258789,9.279999732971191,476300.0,,,,,,
2023-10-16,9.029999732971191,9.329999923706056,8.739999771118164,8.800000190734863,518100.0,,,,,,
2023-10-17,9.210000038146973,9.760000228881836,8.859999656677246,8.859999656677246,533800.0,,,,,,
2023-10-18,8.600000381469727,9.199999809265137,8.420000076293945,9.199999809265137,613200.0,,,,,,
2023-10-19,8.65999984741211,8.850000381469727,8.4399995803833,8.5,388600.0,,,,,,
2023-10-20,8.550000190734863,8.819999694824219,7.710000038146973,8.520000457763672,644700.0,,,,,,
2023-10-23,8.300000190734863,8.5,7.84499979019165,8.170000076293945,321800.0,,,,,,
2023-10-24,8.479999542236328,8.800000190734863,8.1899995803833,8.350000381469727,424200.0,,,,,,
2023-10-25,8.300000190734863,8.642000198364258,8.050000190734863,8.449999809265137,380200.0,,,,,,
2023-10-26,8.399999618530273,8.630000114440918,8.0649995803833,8.210000038146973,231700.0,,,,,,
2023-10-27,8.220000267028809,8.593000411987305,7.940000057220459,8.289999961853027,305100.0,,,,,,
2023-10-30,8.890000343322754,9.0,8.279999732971191,8.279999732971191,452500.0,,,,,,
2023-10-31,9.470000267028809,9.550000190734863,8.75,8.829999923706055,1290600.0,,,,,,
2023-11-01,9.920000076293944,10.09000015258789,9.31999969482422,9.65999984741211,869300.0,,,,,,
2023-11-02,10.600000381469728,10.600000381469728,9.760000228881836,10.109999656677246,551400.0,,,,,,
2023-11-03,10.789999961853027,11.170000076293944,10.40999984741211,10.65999984741211,654500.0,,,,,,
2023-11-06,10.369999885559082,11.15999984741211,10.210000038146973,11.0,382300.0,,,,,,
2023-11-07,10.329999923706056,10.65999984741211,9.75,10.65999984741211,400900.0,,,,,,
2023-11-08,9.920000076293944,10.5,9.829999923706056,10.5,250300.0,,,,,,
2023-11-09,9.539999961853027,10.0,9.399999618530272,9.920000076293944,338300.0,,,,,,
2023-11-10,9.3100004196167,9.510000228881836,9.0,9.420000076293944,379700.0,,,,,,
2023-11-13,9.140000343322754,9.329999923706056,8.279999732971191,9.25,785800.0,,,,,,
2023-11-14,9.470000267028809,9.479999542236328,9.010000228881836,9.289999961853027,334400.0,,,,,,
2023-11-15,9.710000038146973,10.050000190734863,9.390000343322754,9.640000343322754,510000.0,,,,,,
2023-11-16,9.350000381469728,9.800000190734863,9.15999984741211,9.800000190734863,420200.0,,,,,,
2023-11-17,9.40999984741211,9.670000076293944,9.100000381469728,9.270000457763672,178400.0,,,,,,
2023-11-20,9.619999885559082,9.899999618530272,9.140000343322754,9.40999984741211,307400.0,,,,,,
2023-11-21,9.739999771118164,9.859999656677246,9.079999923706056,9.859999656677246,363700.0,,,,,,
2023-11-22,9.479999542236328,9.8100004196167,9.359999656677246,9.59000015258789,233400.0,,,,,,
2023-11-24,10.06999969482422,10.119999885559082,9.149999618530272,9.510000228881836,258100.0,,,,,,
2023-11-27,9.81999969482422,10.119999885559082,9.68000030517578,10.06999969482422,279600.0,,,,,,
2023-11-28,9.920000076293944,10.100000381469728,9.739999771118164,9.800000190734863,268500.0,,,,,,
2023-11-29,9.75,10.239999771118164,9.600000381469728,9.899999618530272,398400.0,,,,,,
2023-11-30,9.720000267028809,9.9399995803833,8.699999809265137,9.630000114440918,480300.0,,,,,,
2023-12-01,11.800000190734863,12.270000457763672,9.899999618530272,10.960000038146973,2490200.0,,,,,,
2023-12-04,12.279999732971191,13.100000381469728,11.600000381469728,12.350000381469728,1771100.0,,,,,,
2023-12-05,13.449999809265137,13.449999809265137,12.100000381469728,12.479999542236328,1426100.0,,,,,,
2023-12-06,13.640000343322754,14.029999732971191,13.199999809265137,13.579999923706056,1371600.0,,,,,,
2023-12-07,13.390000343322754,13.859999656677246,12.829999923706056,13.859999656677246,1017900.0,,,,,,
2023-12-08,13.329999923706056,14.109999656677246,12.899999618530272,13.720000267028809,1277900.0,,,,,,
2023-12-11,14.56999969482422,15.010000228881836,13.350000381469728,13.9399995803833,1865300.0,,,,,,
2023-12-12,14.199999809265137,15.109999656677246,13.600000381469728,15.010000228881836,1582000.0,,,,,,
2023-12-13,13.520000457763672,13.880000114440918,12.67099952697754,13.520000457763672,2013200.0,,,,,,
2023-12-14,13.140000343322754,13.720000267028809,12.65999984741211,13.399999618530272,1641800.0,,,,,,
2023-12-15,13.079999923706056,13.25,12.75,13.0,928200.0,,,,,,
2023-12-18,15.5600004196167,15.579999923706056,13.289999961853027,13.390000343322754,2053400.0,,,,,,
2023-12-19,16.520000457763672,16.8799991607666,15.140000343322754,16.239999771118164,2682700.0,,,,,,
2023-12-20,14.90999984741211,16.299999237060547,14.699999809265137,16.020000457763672,2627800.0,,,,,,
2023-12-21,14.899999618530272,15.699999809265137,14.899999618530272,15.5,890000.0,,,,,,
2023-12-22,14.859999656677246,15.970000267028809,14.56999969482422,14.9399995803833,1016600.0,,,,,,
2023-12-26,16.459999084472656,17.170000076293945,15.18000030517578,15.399999618530272,2278100.0,,,,,,
2023-12-27,18.21999931335449,18.399999618530277,16.229999542236328,17.0,2449800.0,,,,,,
2023-12-28,18.0,19.5,17.360000610351562,18.770000457763672,2098600.0,,,,,,
2023-12-29,18.295000076293945,19.040000915527344,17.760000228881836,18.489999771118164,2012300.0,,,,,,
2024-01-02,20.059999465942383,20.93000030517578,18.21999931335449,18.61000061035156,3948800.0,,,,,,
2024-01-03,18.57999992370605,20.40999984741211,17.40999984741211,19.96999931335449,3194500.0,,,,,,
2024-01-04,20.46999931335449,21.25,18.941999435424805,19.540000915527344,3384800.0,,,,,,
2024-01-05,20.149999618530277,21.290000915527344,19.1299991607666,20.100000381469727,2612200.0,,,,,,
2024-01-08,22.0,23.350000381469727,20.18000030517578,20.25,4334600.0,,,,,,
2024-01-09,23.46999931335449,24.01000022888184,21.170000076293945,22.0,3879700.0,,,,,,
2024-01-10,21.690000534057617,26.450000762939453,21.0,24.1299991607666,7998700.0,,,,,,
2024-01-11,20.440000534057617,23.209999084472656,18.020000457763672,22.149999618530277,5346400.0,,,,,,
2024-01-12,20.11000061035156,20.96999931335449,19.309999465942383,20.809999465942383,2031000.0,,,,,,
2024-01-16,21.11000061035156,21.25,18.75200080871582,20.700000762939453,2769000.0,,,,,,
2024-01-17,22.15999984741211,22.28700065612793,20.049999237060547,20.799999237060547,2736600.0,,,,,,
2024-01-18,22.15999984741211,24.09000015258789,21.61000061035156,22.850000381469727,3790900.0,,,,,,
2024-01-19,19.899999618530277,22.15999984741211,19.56999969482422,22.0,3727400.0,,,,,,
2024-01-22,20.770000457763672,20.850000381469727,18.1200008392334,19.93000030517578,2551200.0,,,,,,
2024-01-23,22.030000686645508,22.739999771118164,20.899999618530277,21.239999771118164,2662500.0,,,,,,
2024-01-24,21.75,23.867000579833984,21.559999465942383,22.75,3020600.0,,,,,,
2024-01-25,23.290000915527344,23.530000686645508,21.549999237060547,21.90999984741211,2243800.0,,,,,,
2024-01-26,25.6200008392334,26.280000686645508,23.5,23.56999969482422,3517600.0,,,,,,
2024-01-29,22.649999618530277,25.6200008392334,21.850000381469727,24.940000534057617,3771200.0,,,,,,
2024-01-30,22.989999771118164,23.280000686645508,21.25,22.190000534057617,1822500.0,,,,,,
2024-01-31,22.21999931335449,24.200000762939453,21.73500061035156,22.59000015258789,1909200.0,,,,,,
2024-02-01,24.68000030517578,24.86000061035156,22.350000381469727,22.350000381469727,2270900.0,,,,,,
2024-02-02,24.9950008392334,25.448999404907227,24.25,24.8799991607666,1579700.0,,,,,,
2024-02-05,27.8799991607666,28.3700008392334,24.899999618530277,25.290000915527344,4291200.0,,,,,,
2024-02-06,28.15999984741211,29.920000076293945,26.6299991607666,29.0,3000300.0,,,,,,
2024-02-07,28.809999465942383,29.15699958801269,27.399999618530277,28.399999618530277,1545600.0,,,,,,
2024-02-08,29.700000762939453,29.93000030517578,27.5,28.5,1822800.0,,,,,,
2024-02-09,29.280000686645508,30.450000762939453,28.440000534057617,29.950000762939453,1723900.0,,,,,,
2024-02-12,31.540000915527344,32.7400016784668,29.86000061035156,30.0,2597500.0,,,,,,
2024-02-13,31.540000915527344,33.06999969482422,28.559999465942383,30.649999618530277,2756100.0,,,,,,
2024-02-14,32.7400016784668,33.33000183105469,31.26000022888184,33.0,1849500.0,,,,,,
2024-02-15,32.47999954223633,32.970001220703125,30.511999130249023,32.720001220703125,1853800.0,,,,,,
2024-02-16,34.5,36.18999862670898,32.0,32.029998779296875,2756900.0,,,,,,
2024-02-20,25.959999084472656,35.30400085449219,20.200000762939453,35.1150016784668,6764300.0,,,,,,
2024-02-21,27.43000030517578,28.299999237060547,26.040000915527344,27.239999771118164,2372500.0,,,,,,
2024-02-22,34.90999984741211,35.470001220703125,28.15999984741211,29.200000762939453,4236400.0,,,,,,
2024-02-23,32.310001373291016,35.70000076293945,30.5,34.11000061035156,2691800.0,,,,,,
2024-02-26,33.42499923706055,34.54999923706055,31.1200008392334,33.209999084472656,1722200.0,,,,,,
2024-02-27,34.97999954223633,36.13999938964844,33.75,33.9900016784668,1906500.0,,,,,,
2024-02-28,34.029998779296875,35.33000183105469,32.75,35.279998779296875,1359800.0,,,,,,
2024-02-29,37.45000076293945,38.0,34.119998931884766,34.65999984741211,2561300.0,,,,,,
2024-03-01,39.459999084472656,40.494998931884766,37.27000045776367,38.0,2086900.0,,,,,,
2024-03-04,40.459999084472656,43.560001373291016,39.720001220703125,42.08000183105469,2713000.0,,,,,,
2024-03-05,37.65999984741211,39.91999816894531,32.95800018310547,39.709999084472656,3398600.0,,,,,,
2024-03-06,36.63999938964844,39.77999877929688,35.619998931884766,39.709999084472656,1866300.0,,,,,,
2024-03-07,33.900001525878906,37.25,33.54399871826172,36.709999084472656,2365000.0,,,,,,
2024-03-08,34.380001068115234,36.66999816894531,33.04999923706055,34.130001068115234,1936600.0,,,,,,
2024-03-11,30.84000015258789,35.40999984741211,30.540000915527344,34.0,2220700.0,,,,,,
2024-03-12,36.84000015258789,37.0099983215332,32.02000045776367,32.45000076293945,2355300.0,,,,,,
2024-03-13,37.900001525878906,39.400001525878906,36.34999847412109,37.9900016784668,2200600.0,,,,,,
2024-03-14,34.9900016784668,39.1150016784668,34.349998474121094,38.25,2676600.0,,,,,,
2024-03-15,43.150001525878906,45.18000030517578,34.40999984741211,39.310001373291016,9001900.0,,,,,,
2024-03-18,34.209999084472656,41.0,33.11000061035156,40.04999923706055,8432700.0,,,,,,
2024-03-19,29.520000457763672,32.41999816894531,28.3799991607666,32.41999816894531,6026800.0,,,,,,
2024-03-20,28.8799991607666,31.51000022888184,27.809999465942383,30.32999992370605,4541100.0,,,,,,
2024-03-21,30.46999931335449,31.729999542236328,28.51000022888184,29.57999992370605,3428900.0,,,,,,
2024-03-22,26.90999984741211,30.3700008392334,26.71999931335449,30.229999542236328,3253600.0,,,,,,
2024-03-25,27.709999084472656,28.34000015258789,26.75,27.100000381469727,2354200.0,,,,,,
2024-03-26,25.600000381469727,27.700000762939453,25.34000015258789,27.59000015258789,3239200.0,,,,,,
2024-03-27,26.15999984741211,26.84000015258789,25.1200008392334,25.700000762939453,2294000.0,,,,,,
2024-03-28,26.71999931335449,28.8799991607666,26.6200008392334,28.0,2633000.0,,,,,,
2024-04-01,30.790000915527344,31.1299991607666,26.65999984741211,26.71999931335449,3627900.0,,,,,,
2024-04-02,33.25,33.69300079345703,29.541000366210938,30.700000762939453,3362100.0,,,,,,
2024-04-03,35.650001525878906,36.95000076293945,33.650001525878906,33.70000076293945,5213900.0,,,,,,
2024-04-04,33.58000183105469,38.209999084472656,33.40999984741211,36.47999954223633,4404100.0,,,,,,
2024-04-05,34.75,36.36000061035156,34.040000915527344,34.310001373291016,2867900.0,,,,,,
2024-04-08,33.4900016784668,35.5099983215332,31.5,35.099998474121094,2506800.0,,,,,,
2024-04-09,31.59000015258789,33.5,31.040000915527344,33.40999984741211,2055900.0,,,,,,
2024-04-10,31.020000457763672,32.38100051879883,30.5,30.790000915527344,1466400.0,,,,,,
2024-04-11,33.79499816894531,34.779998779296875,31.68000030517578,31.93000030517578,2919900.0,,,,,,
2024-04-12,31.75,33.290000915527344,31.34000015258789,33.15999984741211,1804200.0,,,,,,
2024-04-15,32.470001220703125,34.72999954223633,31.100000381469727,33.36199951171875,3557200.0,,,,,,
2024-04-16,35.09000015258789,35.63999938964844,31.399999618530277,32.310001373291016,3153700.0,,,,,,
2024-04-17,34.959999084472656,36.75,33.507999420166016,35.849998474121094,2698400.0,,,,,,
2024-04-18,36.810001373291016,38.58000183105469,33.77000045776367,34.720001220703125,3816300.0,,,,,,
2024-04-19,34.689998626708984,37.380001068115234,33.849998474121094,36.7599983215332,3156700.0,,,,,,
2024-04-22,37.09000015258789,37.196998596191406,34.040000915527344,34.900001525878906,2673200.0,,,,,,
2024-04-23,37.0,39.18999862670898,35.0099983215332,38.0,3809800.0,,,,,,
2024-04-24,35.90999984741211,37.650001525878906,35.50400161743164,37.09999847412109,2272000.0,,,,,,
2024-04-25,36.36000061035156,36.97999954223633,33.779998779296875,35.130001068115234,1601900.0,,,,,,
2024-04-26,35.349998474121094,37.459999084472656,35.165000915527344,36.2599983215332,1787900.0,,,,,,
2024-04-29,33.97999954223633,35.68000030517578,33.19499969482422,35.400001525878906,2448900.0,,,,,,
2024-04-30,31.790000915527344,33.599998474121094,30.75,33.599998474121094,2988800.0,,,,,,
2024-05-01,31.979999542236328,32.68000030517578,30.76000022888184,31.780000686645508,1805300.0,,,,,,
2024-05-02,34.70000076293945,34.95000076293945,31.709999084472656,32.79999923706055,2326400.0,,,,,,
2024-05-03,37.27000045776367,37.63999938964844,34.68000030517578,35.25,2968000.0,,,,,,
2024-05-06,41.11000061035156,41.310001373291016,37.79999923706055,38.0,3606400.0,,,,,,
2024-05-07,40.09000015258789,41.04999923706055,36.900001525878906,39.22999954223633,2768100.0,,,,,,
2024-05-08,39.13999938964844,39.6510009765625,37.7400016784668,39.0,2084300.0,,,,,,
2024-05-09,39.720001220703125,41.09999847412109,34.5,40.95000076293945,5363300.0,,,,,,
2024-05-10,37.34999847412109,39.900001525878906,36.80199813842773,39.720001220703125,2551100.0,,,,,,
2024-05-13,36.25,37.290000915527344,35.20000076293945,37.09999847412109,2029600.0,,,,,,
2024-05-14,36.97999954223633,37.39599990844727,35.75,36.20000076293945,1785700.0,,,,,,
2024-05-15,34.869998931884766,38.678001403808594,34.560001373291016,37.20000076293945,3644600.0,,,,,,
2024-05-16,36.209999084472656,37.369998931884766,34.70000076293945,34.7599983215332,2416800.0,,,,,,
2024-05-17,35.7599983215332,38.220001220703125,35.400001525878906,36.68999862670898,2779300.0,,,,,,
2024-05-20,32.650001525878906,36.18000030517578,32.301998138427734,36.04999923706055,4175700.0,,,,,,
2024-05-21,31.450000762939453,32.650001525878906,31.1200008392334,32.630001068115234,2280200.0,,,,,,
2024-05-22,29.82999992370605,29.950000762939453,25.21999931335449,26.31999969482422,10107200.0,,,,,,
2024-05-23,32.349998474121094,32.5,30.209999084472656,31.0,3769100.0,,,,,,
2024-05-24,32.54999923706055,33.81999969482422,32.132999420166016,32.529998779296875,1897900.0,,,,,,
2024-05-28,30.6200008392334,31.670000076293945,30.11000061035156,31.459999084472656,2156400.0,,,,,,
2024-05-29,31.76000022888184,31.979999542236328,29.71999931335449,30.100000381469727,2415700.0,,,,,,
2024-05-30,30.270000457763672,32.25,30.231000900268555,31.88999938964844,2095700.0,,,,,,
2024-05-31,31.13999938964844,31.458999633789062,30.239999771118164,31.0,1535200.0,,,,,,
2024-06-03,32.56999969482422,33.150001525878906,31.850000381469727,31.86000061035156,1847300.0,,,,,,
2024-06-04,31.34000015258789,32.3650016784668,31.229999542236328,32.189998626708984,1412900.0,,,,,,
2024-06-05,31.979999542236328,32.64099884033203,31.38999938964844,31.520000457763672,1176100.0,,,,,,
2024-06-06,30.100000381469727,31.950000762939453,29.84000015258789,31.950000762939453,1834600.0,,,,,,
2024-06-07,30.600000381469727,31.170000076293945,30.25,30.459999084472656,899600.0,,,,,,
2024-06-10,31.920000076293945,32.189998626708984,30.549999237060547,30.549999237060547,1488900.0,,,,,,
2024-06-11,32.91999816894531,34.06999969482422,31.399999618530277,31.645000457763672,1827900.0,,,,,,
2024-06-12,32.34000015258789,33.7599983215332,32.04100036621094,33.27000045776367,1468400.0,,,,,,
2024-06-13,31.80500030517578,33.290000915527344,31.559999465942383,32.95000076293945,1118300.0,,,,,,
2024-06-14,31.170000076293945,31.690000534057617,30.174999237060547,31.299999237060547,1384500.0,,,,,,
2024-06-17,30.059999465942383,31.511999130249023,29.700000762939453,31.25,1994700.0,,,,,,
2024-06-18,30.200000762939453,30.299999237060547,29.0,30.100000381469727,1527700.0,,,,,,
2024-06-20,29.459999084472656,30.649999618530277,28.799999237060547,30.36000061035156,1361700.0,,,,,,
2024-06-21,29.32999992370605,29.36000061035156,28.190000534057617,29.270000457763672,1139800.0,,,,,,
2024-06-24,29.549999237060547,29.700000762939453,28.75,29.420000076293945,910100.0,,,,,,
2024-06-25,29.38999938964844,30.34000015258789,29.32999992370605,29.600000381469727,881800.0,,,,,,
2024-06-26,29.43000030517578,30.850000381469727,29.40999984741211,30.0,1462500.0,,,,,,
2024-06-27,30.1200008392334,30.299999237060547,29.13999938964844,29.479999542236328,1008100.0,,,,,,
2024-06-28,30.420000076293945,31.190000534057617,29.43000030517578,30.3799991607666,5212900.0,,,,,,
2024-07-01,32.0,32.08000183105469,29.86100006103516,30.68000030517578,1482000.0,,,,,,
2024-07-02,31.440000534057617,32.720001220703125,30.850000381469727,32.0,1148800.0,,,,,,
2024-07-03,31.88999938964844,32.41999816894531,31.51000022888184,31.950000762939453,802900.0,,,,,,
2024-07-05,32.189998626708984,32.36000061035156,31.75,31.76000022888184,627900.0,,,,,,
2024-07-08,31.350000381469727,34.27899932861328,31.0,32.86000061035156,2118000.0,,,,,,
2024-07-09,31.440000534057617,32.08000183105469,31.020000457763672,31.799999237060547,705400.0,,,,,,
2024-07-10,31.780000686645508,32.16999816894531,30.790000915527344,31.3799991607666,882400.0,,,,,,
2024-07-11,31.25,32.43000030517578,31.049999237060547,32.0,937300.0,,,,,,
2024-07-12,30.3799991607666,31.020000457763672,29.7450008392334,30.51000022888184,1740700.0,,,,,,
2024-07-15,29.690000534057617,30.59000015258789,29.61000061035156,30.530000686645508,1311300.0,,,,,,
2024-07-16,30.600000381469727,30.614999771118164,29.75,30.0,1155700.0,,,,,,
2024-07-17,29.46999931335449,30.399999618530277,28.75,29.780000686645508,1286900.0,,,,,,
2024-07-18,29.229999542236328,31.309999465942383,29.15800094604492,30.299999237060547,1778100.0,,,,,,
2024-07-19,28.59000015258789,29.520000457763672,28.32999992370605,29.25,1364900.0,,,,,,
2024-07-22,28.399999618530277,29.059999465942383,27.56999969482422,29.020000457763672,1196400.0,,,,,,
2024-07-23,28.780000686645508,29.280000686645508,28.100000381469727,28.11000061035156,850600.0,,,,,,
2024-07-24,26.979999542236328,28.649999618530277,26.90999984741211,28.559999465942383,1090200.0,,,,,,
2024-07-25,26.780000686645508,27.459999084472656,26.01000022888184,26.76000022888184,840500.0,,,,,,
2024-07-26,28.440000534057617,28.459999084472656,27.09000015258789,27.21999931335449,830300.0,,,,,,
2024-07-29,28.770000457763672,29.90999984741211,28.600000381469727,29.43000030517578,963900.0,,,,,,
2024-07-30,28.43000030517578,29.26000022888184,28.190000534057617,28.649999618530277,597300.0,,,,,,
2024-07-31,29.43000030517578,29.940000534057617,28.899999618530277,28.90999984741211,629600.0,,,,,,
2024-08-01,27.440000534057617,29.749000549316406,27.25,29.43000030517578,1045800.0,,,,,,
2024-08-02,25.559999465942383,26.71999931335449,25.40399932861328,26.299999237060547,1269700.0,,,,,,
2024-08-05,24.729999542236328,24.8799991607666,21.299999237060547,22.18000030517578,1808500.0,,,,,,
2024-08-06,25.540000915527344,25.76000022888184,24.209999084472656,25.399999618530277,1253400.0,,,,,,
2024-08-07,23.11000061035156,24.68000030517578,20.700000762939453,24.25,2949300.0,,,,,,
2024-08-08,24.13999938964844,24.209999084472656,22.809999465942383,24.0,1743200.0,,,,,,
2024-08-09,22.43000030517578,23.540000915527344,21.950000762939453,23.51000022888184,1953400.0,,,,,,
2024-08-12,22.5,23.270000457763672,22.0,22.57999992370605,1053600.0,,,,,,
2024-08-13,23.170000076293945,23.399999618530277,22.65999984741211,22.799999237060547,826800.0,,,,,,
2024-08-14,22.38999938964844,23.600000381469727,22.15999984741211,23.309999465942383,778200.0,,,,,,
2024-08-15,22.450000762939453,22.96999931335449,21.729999542236328,22.71999931335449,1235200.0,,,,,,
2024-08-16,22.399999618530277,23.13999938964844,22.32999992370605,22.450000762939453,737500.0,,,,,,
2024-08-19,23.190000534057617,23.399999618530277,21.90999984741211,22.459999084472656,1353700.0,,,,,,
2024-08-20,22.1200008392334,23.049999237060547,21.72900009155273,22.90999984741211,1271400.0,,,,,,
2024-08-21,22.270000457763672,22.399999618530277,21.900999069213867,22.299999237060547,924200.0,,,,,,
2024-08-22,21.270000457763672,22.600000381469727,21.21999931335449,22.36000061035156,933200.0,,,,,,
2024-08-23,22.540000915527344,23.100000381469727,21.450000762939453,21.520000457763672,1642400.0,,,,,,
2024-08-26,21.8700008392334,22.68000030517578,21.84000015258789,22.350000381469727,936600.0,,,,,,
2024-08-27,20.809999465942383,21.989999771118164,20.399999618530277,21.809999465942383,1220200.0,,,,,,
2024-08-28,19.690000534057617,20.917999267578125,19.600000381469727,20.51000022888184,1586300.0,,,,,,
2024-08-29,20.100000381469727,20.459999084472656,19.649999618530277,19.649999618530277,968600.0,,,,,,
2024-08-30,19.440000534057617,20.149999618530277,18.770000457763672,20.030000686645508,2218400.0,,,,,,
2024-09-03,21.049999237060547,21.450000762939453,20.0,20.149999618530277,1992300.0,,,,,,
2024-09-04,19.43000030517578,20.625,19.34000015258789,20.540000915527344,1289500.0,,,,,,
2024-09-05,18.459999084472656,19.670000076293945,18.020000457763672,19.309999465942383,1146900.0,,,,,,
2024-09-06,17.110000610351562,18.559999465942383,17.075000762939453,18.459999084472656,1427500.0,,,,,,
2024-09-09,18.239999771118164,19.06999969482422,17.110000610351562,17.290000915527344,1673000.0,,,,,,
2024-09-10,18.479999542236328,18.600000381469727,17.790000915527344,18.299999237060547,739700.0,,,,,,
2024-09-11,18.489999771118164,18.690000534057617,17.951000213623047,18.36000061035156,969900.0,,,,,,
2024-09-12,17.360000610351562,18.59000015258789,17.09000015258789,18.270000457763672,2439700.0,,,,,,
2024-09-13,17.079999923706055,17.849000930786133,16.809999465942383,17.260000228881836,1727100.0,,,,,,
2024-09-16,16.170000076293945,16.915000915527344,15.609999656677246,16.8700008392334,2250700.0,,,,,,
2024-09-17,17.290000915527344,17.40999984741211,16.299999237060547,16.31999969482422,1256300.0,,,,,,
2024-09-18,17.350000381469727,18.11000061035156,16.899999618530273,17.299999237060547,1575400.0,,,,,,
2024-09-19,19.43000030517578,19.799999237060547,18.03499984741211,18.040000915527344,2182300.0,,,,,,
2024-09-20,18.299999237060547,19.44599914550781,18.020000457763672,19.3700008392334,3116300.0,,,,,,
2024-09-23,17.93000030517578,18.559999465942383,17.649999618530273,18.3700008392334,841400.0,,,,,,
2024-09-24,18.81999969482422,18.864999771118164,17.809999465942383,18.420000076293945,1124200.0,,,,,,
2024-09-25,19.6299991607666,20.0,18.729999542236328,18.850000381469727,1929300.0,,,,,,
2024-09-26,21.739999771118164,21.799999237060547,20.26000022888184,20.920000076293945,2169200.0,,,,,,
2024-09-27,23.76000022888184,25.1200008392334,22.5,22.899999618530277,4116300.0,,,,,,
2024-09-30,22.979999542236328,24.989999771118164,22.709999084472656,24.0,2605400.0,,,,,,
2024-10-01,25.209999084472656,25.290000915527344,22.399999618530277,22.88999938964844,2538500.0,,,,,,
2024-10-02,26.399999618530277,27.489999771118164,25.5,25.5,3269100.0,,,,,,
2024-10-03,26.209999084472656,26.51000022888184,25.25,25.739999771118164,1138000.0,,,,,,
2024-10-04,28.32999992370605,28.655000686645508,26.299999237060547,27.0,2388300.0,,,,,,
2024-10-07,27.3799991607666,29.040000915527344,26.520000457763672,28.8799991607666,2149800.0,,,,,,
2024-10-08,24.780000686645508,26.09000015258789,24.770000457763672,25.450000762939453,1939200.0,,,,,,
2024-10-09,23.905000686645508,24.63999938964844,23.43000030517578,24.270000457763672,1534100.0,,,,,,
2024-10-10,23.56999969482422,24.149999618530277,23.270000457763672,23.959999084472656,867400.0,,,,,,
2024-10-11,25.239999771118164,25.459999084472656,22.979999542236328,23.3799991607666,1218900.0,,,,,,
2024-10-14,24.799999237060547,25.38999938964844,24.0,25.100000381469727,1001800.0,,,,,,
2024-10-15,23.38999938964844,24.40399932861328,23.2549991607666,24.030000686645508,1232000.0,,,,,,
2024-10-16,24.57999992370605,24.68000030517578,23.44499969482422,23.59000015258789,1268300.0,,,,,,
2024-10-17,24.450000762939453,24.92200088500977,23.649999618530277,24.0,724100.0,,,,,,
2024-10-18,26.399999618530277,26.6299991607666,25.040000915527344,25.309999465942383,2116100.0,,,,,,
2024-10-21,25.96999931335449,26.940000534057617,25.5,26.399999618530277,1135100.0,,,,,,
2024-10-22,26.790000915527344,27.242000579833984,25.76000022888184,25.76000022888184,1200000.0,,,,,,
2024-10-23,24.809999465942383,27.040000915527344,24.200000762939453,26.399999618530277,1410800.0,,,,,,
2024-10-24,25.5,26.36000061035156,25.132999420166016,25.31999969482422,1025700.0,,,,,,
2024-10-25,24.170000076293945,26.100000381469727,24.09000015258789,25.559999465942383,1105600.0,,,,,,
2024-10-28,24.549999237060547,24.81999969482422,23.920000076293945,24.46999931335449,835500.0,,,,,,
2024-10-29,24.26000022888184,24.57900047302246,23.709999084472656,24.3799991607666,657000.0,,,,,,
2024-10-30,24.5,24.899999618530277,23.71299934387207,23.739999771118164,596700.0,,,,,,
2024-10-31,22.770000457763672,24.3799991607666,22.75,24.25,915500.0,,,,,,
2024-11-01,22.709999084472656,23.56999969482422,22.700000762939453,23.34000015258789,662800.0,,,,,,
2024-11-04,22.690000534057617,23.350000381469727,22.43099975585937,22.450000762939453,412300.0,,,,,,
2024-11-05,22.940000534057617,23.52199935913086,22.76000022888184,22.899999618530277,626500.0,,,,,,
2024-11-06,21.76000022888184,22.34000015258789,21.020000457763672,22.290000915527344,2151900.0,,,,,,
2024-11-07,23.81999969482422,24.790000915527344,22.280000686645508,22.43000030517578,2506800.0,,,,,,
2024-11-08,27.93000030517578,28.100000381469727,25.11000061035156,25.5,3794900.0,,,,,,
2024-11-11,26.899999618530277,29.200000762939453,25.684999465942383,29.100000381469727,2233500.0,,,,,,
2024-11-12,23.43000030517578,26.18000030517578,23.399999618530277,25.899999618530277,2353200.0,,,,,,
2024-11-13,21.6200008392334,24.549999237060547,21.3799991607666,24.43000030517578,2176000.0,,,,,,
2024-11-14,20.799999237060547,21.920000076293945,20.3700008392334,21.920000076293945,1783800.0,,,,,,
2024-11-15,20.86000061035156,21.26000022888184,20.15999984741211,21.13999938964844,1178400.0,,,,,,
2024-11-18,22.51000022888184,22.549999237060547,20.75,21.030000686645508,1655900.0,,,,,,
2024-11-19,24.149999618530277,24.61000061035156,21.600000381469727,22.270000457763672,2308400.0,,,,,,
2024-11-20,23.26000022888184,25.299999237060547,22.90999984741211,24.020000457763672,1278500.0,,,,,,
2024-11-21,24.1200008392334,24.59000015258789,22.86000061035156,23.399999618530277,881100.0,,,,,,
2024-11-22,25.5,26.114999771118164,23.700000762939453,23.850000381469727,1591400.0,,,,,,
2024-11-25,25.489999771118164,26.1299991607666,25.11400032043457,26.1299991607666,1285900.0,,,,,,
2024-11-26,24.729999542236328,25.479999542236328,24.6200008392334,25.25,763300.0,,,,,,
2024-11-27,24.780000686645508,25.350000381469727,24.020000457763672,25.0,742200.0,,,,,,
2024-11-29,24.700000762939453,25.149999618530277,24.459999084472656,24.809999465942383,485900.0,,,,,,
2024-12-02,23.63999938964844,25.489999771118164,23.549999237060547,24.690000534057617,1269500.0,,,,,,
2024-12-03,23.81999969482422,24.36000061035156,23.3799991607666,23.709999084472656,1191900.0,,,,,,
2024-12-04,25.31999969482422,25.440000534057617,24.0,24.0,943900.0,,,,,,
2024-12-05,24.26000022888184,25.649999618530277,24.200000762939453,25.5,902800.0,,,,,,
2024-12-06,22.200000762939453,22.5,21.51000022888184,22.100000381469727,4577800.0,,,,,,
2024-12-09,23.15999984741211,24.59000015258789,22.799999237060547,23.13400077819824,2011500.0,,,,,,
2024-12-10,21.989999771118164,23.190000534057617,21.729999542236328,22.88999938964844,1420200.0,,,,,,
2024-12-11,21.3700008392334,22.309999465942383,20.625999450683597,22.309999465942383,1818000.0,,,,,,
2024-12-12,20.709999084472656,21.63999938964844,20.700000762939453,21.63999938964844,1055000.0,,,,,,
2024-12-13,20.690000534057617,20.729999542236328,20.030000686645508,20.5,1048000.0,,,,,,
2024-12-16,19.959999084472656,21.36000061035156,19.90999984741211,20.68000030517578,1299300.0,,,,,,
2024-12-17,19.690000534057617,20.229999542236328,19.559999465942383,19.799999237060547,934700.0,,,,,,
2024-12-18,18.350000381469727,20.06999969482422,18.11000061035156,19.709999084472656,1297200.0,,,,,,
2024-12-19,17.719999313354492,19.2549991607666,17.719999313354492,18.899999618530277,1148700.0,,,,,,
2024-12-20,17.93000030517578,18.11000061035156,17.399999618530273,17.420000076293945,1072500.0,,,,,,
2024-12-23,18.18000030517578,19.3799991607666,17.93000030517578,18.270000457763672,1245900.0,,,,,,
2024-12-24,18.049999237060547,18.290000915527344,17.860000610351562,18.170000076293945,412400.0,,,,,,
2024-12-26,18.07999992370605,18.5,17.75,18.0,1007600.0,,,,,,
2024-12-27,17.56999969482422,18.054000854492188,17.43000030517578,17.950000762939453,715500.0,,,,,,
2024-12-30,17.170000076293945,17.479999542236328,16.799999237060547,17.200000762939453,1253000.0,,,,,,
2024-12-31,18.520000457763672,19.27199935913086,17.69499969482422,17.739999771118164,1868600.0,,,,,,
2025-01-02,19.059999465942383,19.479999542236328,18.40900039672852,18.440000534057617,1009500.0,,,,,,
2025-01-03,19.59000015258789,20.0,19.201000213623047,19.299999237060547,1121600.0,,,,,,
2025-01-06,21.399999618530277,21.899999618530277,20.076000213623047,20.399999618530277,1902500.0,,,,,,
2025-01-07,20.09000015258789,21.57900047302246,19.834999084472656,21.5,1276100.0,,,,,,
2025-01-08,19.57999992370605,19.899999618530277,18.81599998474121,19.670000076293945,1143800.0,,,,,,
2025-01-10,19.21999931335449,19.780000686645508,18.43000030517578,19.09000015258789,923100.0,,,,,,
2025-01-13,18.61000061035156,18.809999465942383,18.020000457763672,18.600000381469727,811000.0,,,,,,
2025-01-14,18.979999542236328,19.43000030517578,18.649999618530277,19.09000015258789,705200.0,,,,,,
2025-01-15,19.790000915527344,20.489999771118164,19.63999938964844,19.93000030517578,1033700.0,,,,,,
2025-01-16,19.524999618530277,20.150999069213867,19.5,19.8799991607666,579700.0,,,,,,
2025-01-17,,,,,,,19.829999923706055,20.304000854492188,19.700000762939453,20.0,1036200.0
