Price,Close,High,Low,Open,Volume
Ticker,IBM,IBM,IBM,IBM,IBM
Date,,,,,
2023-01-17,133.49447631835938,135.32416637793318,133.3289686073976,134.625391896296,2986500
2023-01-18,129.0995330810547,133.0255609533482,128.93402535583706,132.76811696269436,6445600
2023-01-19,129.29258728027344,130.77289699200185,128.4926731604597,128.72253482979863,4833900
2023-01-20,129.8258819580078,130.43272019724853,129.1914614378602,130.25802306507518,7153300
2023-01-23,130.4327392578125,131.47171875595006,129.69717892363494,130.0097875060253,5898400
2023-01-24,130.092529296875,131.25102718316123,128.72254855091117,129.87185702011575,4407600
2023-01-25,129.4213409423828,129.66959553435333,128.13412089076962,129.15470751370805,7347500
2023-01-26,123.61962127685547,127.13191483887411,122.26803333855459,126.45151914616949,17548500
2023-01-27,123.56446075439453,124.5758578942469,122.9944082008298,123.61043590250517,8143100
2023-01-30,124.40116882324219,125.14591857017669,123.18749217664791,123.5001147863032,5375700
2023-01-31,123.87706756591797,124.72295696656361,122.98520301781049,124.58504555382338,7206400
2023-02-01,124.20806121826172,124.85167115354066,122.10253428078254,123.65640157215593,5428900
2023-02-02,125.4033432006836,125.70676231544125,123.9874013614587,125.00798782759112,6107800
2023-02-03,125.90904998779297,125.91823940533622,124.61262660229272,125.36657973019332,3755700
2023-02-06,125.21028137207031,125.33901741605592,124.07936552969488,124.88848335104828,4841300
2023-02-07,124.89765167236328,125.4125396427416,123.61962116387244,124.74134739775877,3737600
2023-02-08,125.02637481689453,125.72516337997057,124.27243571893553,124.77813427651814,4593700
2023-02-09,124.48654174804688,126.32940395961508,124.10493473496254,125.64066507958016,3918800
2023-02-10,126.20844268798828,126.36666690035314,124.25388156682101,124.5144878227132,5049600
2023-02-13,127.83722686767578,127.87445024274204,126.44111597011242,126.58072137907897,4403000
2023-02-14,126.59001922607422,127.73484034728773,125.69651623612226,127.5579973674918,3202200
2023-02-15,126.95299530029297,126.99953516450753,125.71512296441567,125.83610956900642,2506700
2023-02-16,125.64995574951172,126.55277508624002,125.2683487717252,126.18048460184492,2965500
2023-02-17,125.66859436035156,126.1898068015221,124.61685298314926,125.18460529270442,3466200
2023-02-21,122.58784484863281,125.08222272113468,122.54130498044981,124.71923447246542,4257200
2023-02-22,121.89910125732422,122.848460674998,121.2661902448834,122.76468322492757,3200200
2023-02-23,121.73155212402344,122.57852944578819,119.93522965234273,122.39238417337177,3725600
2023-02-24,121.52678680419922,121.61985232757996,120.27028152179598,120.64257201926324,3015800
2023-02-27,121.45232391357422,122.73673605058686,121.11725679044659,122.3179056971703,2761300
2023-02-28,120.34474182128906,121.56400952627416,120.19581994230576,121.50816737214845,5143100
2023-03-01,119.3116226196289,120.5029692800587,118.89278514929936,119.97244039744402,3760700
2023-03-02,120.00037384033203,120.27029655641431,118.86487631953413,119.49778018572633,3340100
2023-03-03,120.66120147705078,120.91250539615335,119.8514617623544,120.39129297280978,2860300
2023-03-06,121.1731185913086,121.79671307674622,120.61466856155667,120.6612084310317,3131200
2023-03-07,119.36747741699219,121.38718273805647,119.31163525542873,121.25687962708373,3530400
2023-03-08,119.18132781982422,119.82354105844848,118.71595755438325,119.58153943115619,2778800
2023-03-09,117.42222595214844,119.6280764124989,117.25469237659138,119.4140100721122,5478300
2023-03-10,116.76139831542969,118.47396460759781,116.46356162561612,117.38499987618447,5990900
2023-03-13,116.88238525390625,119.31161835156499,116.2029416135363,116.48216658376745,8188400
2023-03-14,116.01680755615234,117.86897920775215,114.66722953786172,117.7293667091722,8114800
2023-03-15,114.74169158935547,114.80684314252224,113.280429238912,114.4717759830969,5989300
2023-03-16,116.0633316040039,116.17502301467589,113.47587428181824,114.44384520468377,6438700
2023-03-17,115.12329864501953,115.89580788962579,114.4159338526099,115.48628688432481,37400200
2023-03-20,117.21746063232422,117.42222467811523,115.58866476024215,115.70034907541073,4588300
2023-03-21,117.8038330078125,118.34366423965682,116.95686278632094,118.1109790984467,3856300
2023-03-22,115.45835876464844,118.4088043661746,115.42112829352992,118.2040403255159,3549000
2023-03-23,114.82545471191406,116.27740757749805,114.10878057114209,115.23497569136893,4651900
2023-03-24,116.61248779296875,116.71486982456032,114.36939959299166,114.81615819457186,3812300
2023-03-27,120.35405731201172,121.23825798723922,117.71075757904629,117.71075757904629,6524100
2023-03-28,120.38197326660156,120.6798170445508,119.87937964377848,120.23305137762694,2888900
2023-03-29,120.72634887695312,121.32202219124241,120.23304337730269,121.10794166434647,3279600
2023-03-30,120.2702865600586,122.37375494261242,120.15860224653424,121.14518488792652,3561800
2023-03-31,122.01077270507812,122.14107581123749,120.45643772375821,120.50297759066657,4524700
2023-04-03,122.91358947753906,123.42549959843059,121.71294046851452,121.89908573011877,3840100
2023-04-04,122.4854736328125,122.99736962209576,121.82464153101083,122.84846191352747,3382800
2023-04-05,122.98805236816406,123.42550155093942,122.27137818757863,122.27137818757863,2898700
2023-04-06,121.46163177490234,123.41619244977025,121.29410530664241,123.00666436917145,3050600
2023-04-10,121.9549331665039,122.00147303441246,120.28891383037835,120.83804734656748,2614400
2023-04-11,121.38716888427734,122.02007978103573,121.16378606154397,121.53609076609959,3132400
2023-04-12,119.63739013671875,121.82463622132158,119.29302066032469,121.36856821590082,3957500
2023-04-13,119.04171752929688,119.4977784096168,117.2733090676039,119.1440924566861,5621500
2023-04-14,119.26509857177734,120.84735473355008,118.49258217824683,119.56294237736833,4180600
2023-04-17,118.96725463867188,119.80492253853156,118.0179024194887,119.41401321892594,3662700
2023-04-18,118.93002319335938,119.76768398538711,118.52980448341843,119.26509035056515,3193800
2023-04-19,117.5711441040039,118.18543626561329,116.62179188268281,117.73867768435312,7014400
2023-04-20,117.60838317871094,121.9084002205077,117.12439408853407,121.13588381567861,9749600
2023-04-21,117.02201080322266,117.9248231589889,116.59386390747414,117.27330762369641,6725400
2023-04-24,116.71485900878906,117.31984174822546,115.93303330372098,116.8544715026569,4043900
2023-04-25,117.17093658447266,117.45016161206094,116.11920223573334,116.24950535501122,4275400
2023-04-26,117.13370513916016,117.78522783115147,116.45426846582566,117.0964746623903,4070200
2023-04-27,118.17613983154297,118.22267260280655,116.7707194812122,117.61769686946725,3204900
2023-04-28,117.65491485595703,118.4367334996619,116.93824066490747,117.81313904323252,5060500
2023-05-01,117.3570785522461,117.97137075518484,117.32915747047383,117.59907309591777,2725000
2023-05-02,116.49149322509766,117.69214231230646,114.73238701375064,117.55253690750568,4445300
2023-05-03,114.89990997314453,116.87308235667422,114.72307410975716,116.77070033529851,4554200
2023-05-04,114.08087158203125,114.96507228469565,113.32697399131767,114.50901139286779,4468200
2023-05-05,115.0860595703125,115.5048899379047,114.30423388955789,114.58345886861015,4970800
2023-05-08,114.85338592529297,115.33736788953497,114.06225787361569,115.18845309322471,3663800
2023-05-09,114.31562805175781,115.0703763614632,113.83448302218862,115.00433642419999,4540000
2023-05-10,115.1175308227539,115.56094486552998,114.24957540164174,115.08922902390651,4189200
2023-05-11,114.06090545654297,115.32510060690896,113.73070576785136,115.11754446035611,3446500
2023-05-12,115.89115142822266,115.9100240937884,114.25901854962076,114.54205095060325,4560500
2023-05-15,116.38174438476562,116.69307859811103,115.41943994311863,116.04210836980943,2915700
2023-05-16,116.47608184814453,116.85345598400352,115.52321377460851,116.372303780838,2748400
2023-05-17,118.59880065917969,118.73088052415658,116.48551562173667,116.92892968179314,4515100
2023-05-18,119.01390838623047,119.35354436832421,118.10821483325135,118.21199289432514,3797900
2023-05-19,120.06111907958984,121.0328453724039,119.39128344234052,119.61770503292037,4305800
2023-05-22,120.28753662109375,120.93850676963727,119.95733697973557,120.28753662109375,2806800
2023-05-23,120.92908477783203,121.7876111960829,119.93848567732752,120.0422637542109,4592300
2023-05-24,118.57049560546875,120.66491511807497,118.37237581344014,120.58943885506999,3915500
2023-05-25,119.58940887451172,120.03282294209573,117.93840333645974,118.50446093851498,4102900
2023-05-26,121.59891510009766,122.32536156295029,119.63657537428351,119.87243330677619,5612600
2023-05-30,122.15553283691406,122.71216848219187,121.00454500795031,122.2310091006064,3741100
2023-05-31,121.31587982177734,122.117802531464,120.24980458343316,121.2404035576965,11590200
2023-06-01,122.47631072998047,122.78763052416744,120.55170199216342,121.17437037178807,4136100
2023-06-02,124.9292221069336,125.58962140787266,122.78762814937932,123.00462780196473,5373900
2023-06-05,125.13678741455078,126.02361556760182,124.78772227178113,125.58963062620143,3993500
2023-06-06,125.18395233154297,125.41981025231364,124.41977497154599,124.93865088074143,3298000
2023-06-07,126.77837371826172,126.83497732467039,124.71225571058172,125.00471727411134,5772000
2023-06-08,126.8066635131836,128.2878438579129,126.42928218015079,127.07082324849361,4128500
2023-06-09,127.64632415771484,128.40107246938175,126.58024162764937,126.75949597117825,3981500
2023-06-12,128.7029571533203,128.8916406235292,128.1369067426936,128.3067175471938,4494500
2023-06-13,129.81622314453125,130.35397179187336,128.30672648643997,128.7878715283384,3927300
2023-06-14,129.43882751464844,131.07096033942162,129.19354045288713,130.00489229794428,4514900
2023-06-15,130.57095336914062,130.9483347207576,129.4199654390554,129.50488524043584,3812600
2023-06-16,129.7030029296875,131.58043743893407,129.69357379388805,131.35400861910276,7473100
2023-06-20,128.26898193359375,129.46712984331967,128.20293480383498,128.64634886024945,4271300
2023-06-21,126.12738800048828,127.73121903328794,125.75000667795422,127.46705930532684,5501300
2023-06-22,123.74993896484375,125.43868983221302,123.28765223222224,124.23108396731654,6012800
2023-06-23,122.10836029052734,123.23104633769292,121.87250236114384,123.02349020818538,11324700
2023-06-26,123.91031646728516,123.97636359642209,121.99515126106905,122.07062752481468,4845600
2023-06-27,124.85374450683594,125.42923840483631,123.42916785895792,123.87258189818567,3219900
2023-06-28,124.30655670166016,124.69336715700852,123.50464838699024,124.58958909327177,2753800
2023-06-29,126.47647094726562,126.7500742441047,124.24054207927415,124.29714568672291,3639800
2023-06-30,126.24061584472656,127.39160387434252,125.88210712859535,127.0708404944503,4236400
2023-07-03,126.1085205078125,126.75006158462055,125.35377222741377,125.87266256991454,1477100
2023-07-05,126.64628601074219,126.71231874892874,125.0896149525773,125.77833050965619,2955100
2023-07-06,124.68395233154297,126.32551447915634,124.10845834761618,125.7028604209032,3507700
2023-07-07,124.60847473144531,126.27835305974529,124.29714050782145,124.32544231036663,2982400
2023-07-10,125.38206481933594,125.52358820905586,124.2499496797017,124.30655327733966,2369200
2023-07-11,126.83494567871094,126.94815286328252,125.6933871169941,126.09907018774837,2925200
2023-07-12,125.32547760009766,127.6746279784513,125.07076137743877,127.42934089142267,3732200
2023-07-13,126.3443832397461,127.42933843262017,125.81606374210816,125.95757275196596,3221400
2023-07-14,125.85379028320312,126.34437882628396,125.41981973771426,126.33494969116504,2860700
2023-07-17,126.64628601074219,126.99535115910658,125.57077436856754,125.72171251111952,3167400
2023-07-18,127.70291900634766,128.25954026973383,126.69344014963394,127.08969414270196,3852100
2023-07-19,127.81611633300781,128.73124618817764,127.54252748767979,127.8632907947884,5520000
2023-07-20,130.5520782470703,132.38233797819592,128.8350257090041,129.42939226381543,10896300
2023-07-21,131.0803985595703,131.8728777075804,129.9671417030206,130.3916974711062,5858600
2023-07-24,131.64645385742188,132.19364597411197,130.92945094363418,131.46721392569398,3475200
2023-07-25,132.39178466796875,132.4861192094857,131.1747495986986,131.53325828509242,3770800
2023-07-26,133.08993530273438,133.25974612240518,131.96724912059747,132.49556864263195,4046400
2023-07-27,134.88243103027344,135.26924148144815,133.87295220339684,134.25033352001554,6331600
2023-07-28,135.3352813720703,135.8069972460724,134.76923096064345,135.32585223701565,6686400
2023-07-31,136.02398681640625,136.4202408312426,135.41076191907285,135.67492166521276,6138100
2023-08-01,135.22207641601562,136.3070171859994,134.1276921151942,136.0900319111279,4797700
2023-08-02,136.01455688476562,136.13720762176484,134.2597732124658,134.7031872970961,4957400
2023-08-03,136.27871704101562,137.00516353865507,135.20320539317188,135.64661947914158,3951900
2023-08-04,136.08058166503906,137.82592151971147,135.8447237607084,136.88248990238887,4223100
2023-08-07,137.9108428955078,138.2127479579443,136.73155323716358,136.79760036793118,3438700
2023-08-08,137.6561279296875,137.8825423329213,135.95794792730464,137.45800093123208,4654600
2023-08-09,135.97657775878906,138.31458174291714,135.79526060844705,138.31458174291714,4072900
2023-08-10,136.7018585205078,137.97106425971097,136.167459169536,136.50145148324827,4735800
2023-08-11,136.57777404785156,136.8926910200067,135.70938252482864,136.57777404785156,2526000
2023-08-14,135.42308044433594,136.8163334579843,135.3181081300512,136.5109687190656,4226400
2023-08-15,135.38491821289062,135.80480752418617,134.7455466020682,135.0318360926141,3656600
2023-08-16,134.21115112304688,135.5948667117346,134.1348062859849,135.22269473186287,3285300
2023-08-17,134.23023986816406,136.13881709514337,134.17298488116086,134.56423214611223,3742100
2023-08-18,134.94593811035156,135.34673752655397,133.37135337389202,133.60038785227343,3914700
2023-08-21,135.7761688232422,135.88114114240085,134.65965300743858,134.95548011744376,2937800
2023-08-22,135.02227783203125,136.68273041334203,134.84096069699476,136.1387935695187,3557500
2023-08-23,136.85452270507812,136.9213153308568,135.10817293349257,135.24177274633743,2559100
2023-08-24,136.98812866210938,137.86607240893707,136.67321168314595,136.94994896456268,2900200
2023-08-25,138.70584106445312,138.82035102629837,136.9404014924743,137.58931069131353,3660100
2023-08-28,139.34521484375,140.0323037483595,138.57224346638617,138.7630982596027,3561100
2023-08-29,139.75555419921875,140.02275382633496,138.9634929612359,139.61241674229493,2778100
2023-08-30,140.14682006835938,140.2040750527924,139.08755917248448,139.72693076746654,2245400
2023-08-31,140.11819458007812,140.97704848143258,139.84144273630983,140.22316690680262,3885900
2023-09-01,141.1774444580078,141.33013411427217,140.20406610093147,140.52852069952792,2727500
2023-09-05,141.35874938964844,142.18897566175326,140.82435020018852,141.14880477074837,3731300
2023-09-06,141.29196166992188,141.54962365792892,140.39492809494666,140.91025207096078,2932200
2023-09-07,140.77662658691406,141.97902470956325,140.66210207907713,141.35874308402757,3332900
2023-09-08,140.9293212890625,141.7977273347832,140.52852185902694,140.61441889218878,3722800
2023-09-11,141.59735107421875,141.9790607003424,140.8339172606826,141.77866824307858,3273600
2023-09-12,139.6124267578125,141.23471448490847,139.13528245212024,141.15836964864306,4457700
2023-09-13,139.85096740722656,140.26130442826909,139.2497610578723,139.27838854486197,2627800
2023-09-14,140.61441040039062,140.97703011350274,139.7841695385462,140.6430378892867,2723100
2023-09-15,139.31658935546875,141.09156662434353,138.87761021960185,140.38538786187505,6231400
2023-09-18,138.45773315429688,139.78419376105285,138.42910566044011,139.1066569913909,2508100
2023-09-19,139.82235717773438,140.01321196831694,138.047379958871,138.3718345589901,3945400
2023-09-20,142.98106384277344,144.98506118222255,141.35877612189884,141.5782584245148,9632400
2023-09-21,140.64303588867188,142.4275506238109,140.5762287080072,142.18897851221323,4944600
2023-09-22,140.1945343017578,141.33014000546888,140.10865182701184,140.67167857650782,2562000
2023-09-25,139.7841796875,140.6907508780308,139.56469740293278,139.87007672171097,2694200
2023-09-26,136.6923065185547,139.488365172393,136.48236185825346,138.85853119148933,4824700
2023-09-27,136.62550354003906,137.2457998959842,135.2799530560496,137.1026478624788,4439800
2023-09-28,135.10816955566406,135.7761686031878,133.80079895113283,135.64256879368304,5783200
2023-09-29,133.88668823242188,135.63303804916987,133.22822679448387,135.50897587643144,5703600
2023-10-02,134.36383056640625,134.9841122985332,133.466797000841,133.63856195018533,3275300
2023-10-03,133.97256469726562,135.16542534688202,133.60039275703681,134.4306191095579,3284400
2023-10-04,134.6215057373047,134.74555335910742,133.59087225642963,133.9534920387695,2637600
2023-10-05,135.0509033203125,135.222668249096,133.78169795514168,134.45923458928,3223900
2023-10-06,135.53759765625,136.40600370624477,133.70536544080355,134.93639122759402,3511100
2023-10-09,135.69984436035156,135.8906991798414,134.2493215219081,135.79527905074113,2354400
2023-10-10,135.61395263671875,136.86406836469243,135.24178066761752,136.08155928970783,3015800
2023-10-11,136.6827392578125,136.7877115764006,135.6425682762586,135.99565036546988,2511500
2023-10-12,134.7837371826172,136.39647280570446,134.50698531360544,135.99567331109495,3921100
2023-10-13,132.1307830810547,133.71489081614564,131.94946594864834,133.38089860075823,4582800
2023-10-16,132.8465118408203,133.3904487276629,132.1880504294156,132.91330446563484,3361500
2023-10-17,133.90576171875,134.19203660349248,130.07905573144947,130.85202704282642,4172800
2023-10-18,133.57176208496094,134.01072663924376,133.19959015359643,133.60038957496693,3330000
2023-10-19,131.7013702392578,133.03738307482013,131.62502540054376,132.30257674332532,5314200
2023-10-20,130.8902130126953,132.90376231257864,130.85203331870775,131.83494930022889,4865300
2023-10-23,130.14588928222656,131.38645286423653,129.65919275697772,130.38446144204218,3457500
2023-10-24,131.49142456054688,131.67274173093534,129.8309716554923,130.4894331432025,3698000
2023-10-25,130.81387329101562,132.15942361149467,130.0981568943294,131.21467272580543,6472500
2023-10-26,137.18850708007812,137.80880333082754,135.1081651764638,135.6998193763382,11130200
2023-10-27,136.00521850585938,138.08556071272594,135.23224705172476,137.0549272534502,5469200
2023-10-30,136.11016845703125,137.89468322742152,136.06245112151188,136.64456766776075,4204100
2023-10-31,138.02828979492188,138.1427997567514,136.07199543304046,136.46325721767417,6591800
2023-11-01,138.75355529785156,139.81281621624413,137.84698404871824,138.37184568599176,4750100
2023-11-02,140.2899627685547,140.37585980970002,138.2191582402611,139.10665421598037,3902700
2023-11-03,141.1392822265625,141.66414388410826,140.5476279369412,140.70985525631193,3510100
2023-11-06,142.1603546142578,142.40846437452288,141.09155618691724,141.12972131877092,4597200
2023-11-07,142.02676391601562,142.4561908430103,141.263330178421,142.21761871009244,3549900
2023-11-08,141.26333618164062,142.83790650129754,140.84344688005532,142.4275694046588,3618600
2023-11-09,141.50462341308594,141.86172463157698,140.21137772025546,141.43707327538053,3412700
2023-11-10,143.82089233398438,143.965653140712,141.7266025468883,142.29601468859025,3179000
2023-11-13,142.9329833984375,143.3093762005219,142.20914995393449,143.28042404085613,2647200
2023-11-14,145.16238403320312,145.54842263568094,143.84983216777837,144.23587077025618,4321900
2023-11-15,147.25668334960938,147.87435399015476,145.1527330660322,145.1527330660322,4632500
2023-11-16,147.7199249267578,147.9998154348416,146.82237853684458,147.6620206082381,3519200
2023-11-17,147.5558624267578,148.1445808942874,147.14087164668467,147.94190104665978,4426500
2023-11-20,148.96493530273438,149.283409073026,147.03471269940218,147.18911931558213,3658500
2023-11-21,148.54029846191406,149.26413200876402,148.15424506773536,149.20622768124502,2859500
2023-11-22,149.7177276611328,150.27749400840008,148.78156847837573,149.10970280132986,3044700
2023-11-24,149.76596069335938,149.9782863521262,148.54992578750074,149.71771691071822,1799200
2023-11-27,150.14236450195312,150.6924702577021,149.35096620683998,149.58259820877217,4053100
2023-11-28,150.2195587158203,150.31607573045633,149.45712731533945,150.01689360208502,2666200
2023-11-29,150.95306396484375,152.01467757303382,150.5766711419203,150.70212559860815,3568900
2023-11-30,153.0280303955078,153.0666430905296,151.41629644941355,151.47420076551793,6740600
2023-12-01,154.94862365722656,154.98722162997038,152.48758687316484,152.8832860443308,4871000
2023-12-04,155.47943115234375,157.1104568249265,154.69767865512867,154.69767865512867,5779000
2023-12-05,155.75930786132812,156.80162980401496,155.1126850751707,155.1512830464868,4556700
2023-12-06,154.68801879882812,156.68580601071463,154.4274346567499,155.95231208878005,3555900
2023-12-07,154.630126953125,155.8365160257674,154.38884913859653,155.38291255633953,3665500
2023-12-08,156.30941772460938,156.3866136619911,154.41779327733357,154.41779327733357,4560400
2023-12-11,157.80532836914062,157.9404433492468,156.29975724040665,157.0042842990725,6077200
2023-12-12,158.96348571777344,160.53660709326272,157.2359282764111,157.57372311564023,5292300
2023-12-13,157.91148376464844,159.21438972516262,157.06219595524894,158.63531713683906,4989100
2023-12-14,157.22628784179688,157.79569998323416,154.5625711878069,157.24557946506494,6129800
2023-12-15,156.5699920654297,158.3650995577182,156.38661857392475,156.63755692079624,11015600
2023-12-18,157.06222534179688,157.6316375001153,155.94269264900004,156.57000913169927,3677300
2023-12-19,155.92337036132812,156.6182516357326,155.69175308747924,156.15500236160594,3766600
2023-12-20,154.46604919433594,156.15499378000192,154.42743649986386,155.66277764726527,4865800
2023-12-21,155.17059326171875,155.46012959630653,153.96420413962775,154.98721975893216,2982900
2023-12-22,156.48313903808594,156.74372320157076,155.38291279123004,155.47942980775898,2439800
2023-12-26,157.5158233642578,157.61232565938732,156.39629071046014,156.5700036775512,1772400
2023-12-27,157.75711059570312,157.93082357314933,157.00431018081068,157.44826788944667,3234600
2023-12-28,158.03695678710938,158.2396366158998,157.69916198126802,158.2396366158998,2071300
2023-12-29,157.84396362304688,158.45197375720616,157.14908227563873,158.03698294700905,2525600
2024-01-02,155.865478515625,157.5930213025157,154.86176922029296,157.1490783411606,3825000
2024-01-03,154.5143280029297,156.08744943832107,154.49502165315673,155.38292229912295,4086100
2024-01-04,155.24778747558594,156.16464016589774,154.5818583945551,154.630116899609,3212000
2024-01-05,153.6071014404297,154.94860541338224,153.13419165302724,154.3309348371975,4199400
2024-01-08,155.51803588867188,155.59524656063567,152.38142413148793,153.15351612469613,3321700
2024-01-09,154.49501037597656,154.88104898467736,153.94488989582752,154.4177997089506,2617200
2024-01-10,155.6049041748047,155.7110670160036,154.16689763889235,154.68805130614004,2967800
2024-01-11,156.50245666503906,156.570006800334,154.69768846560524,155.40223033889527,3778200
2024-01-12,160.01544189453125,160.18915484400523,156.68581115842431,157.2841753974059,4956400
2024-01-16,161.1349639892578,161.41483974296582,159.5714739132028,160.0154315215709,4869600
2024-01-17,160.2856903076172,161.964989311326,159.72592397304757,160.9709111002173,4288600
2024-01-18,161.0191650390625,161.16394056927425,159.28196176152932,160.6813849214278,3776900
2024-01-19,165.4972686767578,165.5937856897926,163.27750991481497,164.63832027589112,6925800
2024-01-22,166.80018615722656,168.36366173587533,166.38518064443645,166.79054034583316,4926000
2024-01-23,167.8714599609375,167.94867063122723,166.46239099940166,166.86773597360056,3983500
2024-01-24,167.86178588867188,168.75934697279504,166.86772251928957,168.66282996110752,9097800
2024-01-25,183.7861328125,190.03040393248943,178.38151851474083,178.50698769280004,29596200
2024-01-26,180.88113403320312,185.6777377346759,179.66509925837272,184.63541590206648,9895900
2024-01-29,180.6109161376953,182.8499812741703,179.55894842467174,180.91975880193826,6107900
2024-01-30,181.31546020507812,182.06824586166687,180.25384658173948,181.16105358491825,4575100
2024-01-31,177.25233459472656,181.1031190330971,176.7504726244823,180.5240611225958,8876100
2024-02-01,180.37928771972656,180.96800617449952,176.33548393033817,177.22338451801673,4669400
2024-02-02,179.30801391601562,180.85219781742222,179.1439467695359,180.57232203258718,4054200
2024-02-05,177.0207061767578,179.29836934758183,176.86628484026113,179.0377851830473,4379600
2024-02-06,177.0110626220703,178.2367433392604,176.65396143606597,177.14617761162,3337600
2024-02-07,177.3295440673828,177.59977403574965,176.25827000477545,176.9434907365525,4841200
2024-02-08,179.55006408691406,179.7351093810029,176.7549468949302,177.86520379877473,5161200
2024-02-09,181.4783935546875,182.29647442292895,179.05336706235119,179.62797042023357,5064600
2024-02-12,181.3031005859375,181.61474407800898,179.22866739985943,181.0498744591482,4724000
2024-02-13,178.90728759765625,179.9493785680744,177.60225159229174,179.47215725535636,4290500
2024-02-14,178.78067016601562,180.1733543666385,177.5048355521175,180.1733543666385,3173400
2024-02-15,181.99456787109375,182.1016985719531,178.82936018106233,178.82936018106233,4714300
2024-02-16,182.74449157714844,184.02031143747257,181.09858112136337,181.760847720573,4841900
2024-02-20,178.65406799316406,183.8450105185442,178.28397740622458,182.7444873693959,4247200
2024-02-21,175.01162719726562,178.25474933927998,174.08641565264782,177.7970104421355,4728500
2024-02-22,179.4039764404297,179.7351022901101,177.18344785965618,177.6898852454949,5078400
2024-02-23,180.87457275390625,181.59527152911537,179.75458215876822,180.07595939267284,3433800
2024-02-26,179.3260498046875,181.2738697693784,179.25786897279357,180.75769866759026,4620800
2024-02-27,180.0467529296875,180.29997906300954,177.85545523513733,179.3552850902817,3641400
2024-02-28,180.46554565429688,180.5337116341739,178.76120296841572,179.8130276664136,3216300
2024-02-29,180.20257568359375,181.97509911088093,179.8714498325691,181.2933501861163,6458500
2024-03-01,183.28988647460938,183.4651980284188,180.348673673185,180.650598301374,4017300
2024-03-04,188.0230712890625,188.84115216194672,182.70553075462706,182.86134506801838,7938300
2024-03-05,186.94204711914062,188.8801336343008,185.59806124042413,186.99074559794462,5653600
2024-03-06,191.0421905517578,192.96079445452406,187.92568150129836,188.45158636640915,6945800
2024-03-07,191.41229248046875,193.54515806593312,191.02273436853372,192.42516734860286,4604500
2024-03-08,190.83766174316406,192.6101850782937,189.3086307689964,190.94479243771244,3942500
2024-03-11,186.727783203125,190.2825640586144,185.8999685172879,190.00012180174303,4725100
2024-03-12,192.61993408203125,193.98340224726763,187.13681558621712,187.43874019344446,5880100
2024-03-13,191.568115234375,192.93159830172436,190.22412939086362,192.39594477029027,3993300
2024-03-14,188.38340759277344,192.5907060024164,187.1075878472816,191.81157501610983,4109600
2024-03-15,186.0850067138672,188.02307826842488,185.72464987784653,186.98100220705012,8827900
2024-03-18,186.68882751464844,188.18864251442363,185.35457544687716,186.69856126569974,5410600
2024-03-19,188.2957763671875,188.52952014252477,185.31561381990917,186.49405158712082,5317300
2024-03-20,188.89959716796875,188.91906466899835,186.31872665551793,187.83802393434354,3238600
2024-03-21,186.89332580566406,188.32497471558426,185.05263647300777,187.96463276570213,6013600
2024-03-22,185.86099243164062,187.9549079787187,185.53960032830244,186.9907316687042,3987700
2024-03-25,183.86447143554688,185.8415225049524,183.82552157232698,185.2961203950579,3718300
2024-03-26,183.58206176757812,185.04292698058273,183.58206176757812,184.08849920241278,4229500
2024-03-27,185.82203674316406,185.97786591456855,183.67943764875938,184.65334767900586,3693300
2024-03-28,185.97787475585938,186.9225538582753,185.37404040313294,185.9583923933357,3742200
2024-04-01,184.87734985351562,185.49091795131721,183.6015300430995,185.04291278166926,2364300
2024-04-02,183.95213317871094,184.84812863256005,182.70552951590454,184.20534443935702,2693500
2024-04-03,185.91943359375,186.35770503071447,183.57232152859308,183.67945223485503,2826200
2024-04-04,183.03665161132812,188.23732755368894,182.45229965481423,186.99072391643438,2983900
2024-04-05,184.20535278320312,185.35457441044187,183.11457824401128,183.66969926460408,2013600
2024-04-08,184.8675994873047,185.2766398955129,183.98133783917675,184.30272991577326,2678300
2024-04-09,184.37091064453125,186.26029853416966,181.79005493591472,185.5688158545034,2794200
2024-04-10,181.1862030029297,183.0171584890432,180.6797805217939,182.5302035074757,3081700
2024-04-11,181.04986572265625,181.9263936519802,179.76431223127696,181.1862125302372,2861700
2024-04-12,177.51458740234375,180.33892057805497,176.94971779506392,179.19944761292922,3545100
2024-04-15,176.5211944580078,182.58864983617875,176.16085249922398,180.7284929569785,3528100
2024-04-16,178.9559783935547,180.8648487017889,178.0891990110012,180.74796938614122,4473700
2024-04-17,178.32293701171875,179.85196807048473,177.0373686060105,179.35527929229096,3003000
2024-04-18,176.73545837402344,178.67354472788548,175.46937233393675,177.5925039754399,2886700
2024-04-19,176.84259033203125,178.030761793105,175.85894652209137,177.67040496593467,3037600
2024-04-22,177.15423583984375,178.53720121704853,175.74206921007394,177.68988935063598,3076500
2024-04-23,177.43667602539062,179.8617025614393,174.3299005594973,177.9625809185433,5950200
2024-04-24,179.29684448242188,179.48187490722378,176.66727548331755,178.39110041678447,7616600
2024-04-25,164.50315856933594,167.95079378487955,161.33795074410946,163.8116758595834,16702200
2024-04-26,162.7696075439453,163.49029154153166,161.40612442239828,163.12994954273847,8983800
2024-04-29,163.06173706054688,163.83113424900097,161.89304808361646,163.03252095067512,5242200
2024-04-30,161.86386108398438,162.40924838059075,160.94838318152827,162.1463033444558,6011600
2024-05-01,160.14002990722656,161.93203577748727,160.0134317000504,161.3671661386831,4029900
2024-05-02,160.39324951171875,160.57829480008195,158.37724856252555,160.06212365922042,3829900
2024-05-03,161.3866424560547,162.26315556509917,160.61724518726643,160.69515977528854,3400400
2024-05-06,164.2109832763672,164.26941550491352,162.03916790482506,162.15603236191774,4222300
2024-05-07,163.9869842529297,164.87323113283384,163.55846143942605,164.5908037479456,3155300
2024-05-08,165.4673309326172,165.81793918611294,163.51951060446072,163.6266413169369,3522000
2024-05-09,163.5395050048828,164.7984835421663,163.1559102163075,164.74930164451143,4266600
2024-05-10,164.40504455566406,165.30994945606238,163.58868808317482,164.38538380302663,2255400
2024-05-13,164.80831909179688,165.30010806736715,164.02145372924272,164.74930681604178,2414900
2024-05-14,164.61160278320312,165.36896199076438,163.7460494031331,165.1033917476596,2601000
2024-05-15,165.49681091308594,165.58534432971504,164.5919210522929,165.18207379151806,4468800
2024-05-16,166.19515991210938,166.84432493178392,165.03453017921782,165.4968129955126,3492300
2024-05-17,166.25416564941406,166.3328536797547,164.58208627724542,166.1951533787104,2956400
2024-05-20,167.1295623779297,167.36562648735207,165.6148589483756,166.22467247078967,2726300
2024-05-21,170.6212615966797,172.09662846469163,167.14923276794818,167.14923276794818,6459800
2024-05-22,170.837646484375,172.11630074577803,169.9229112404315,170.5425701150962,3294900
2024-05-23,167.86724853515625,172.57859536542904,167.64102980678547,172.5097377043287,3341300
2024-05-24,168.08363342285156,169.18523591208495,167.41480762816224,168.66394080498642,2587400
2024-05-28,166.87384033203125,168.28034961119843,165.88041698696068,167.6410299403422,2629500
2024-05-29,164.30670166015625,165.8607566421078,163.4804997735112,165.2410977230197,4206600
2024-05-30,162.91001892089844,163.99194564941607,161.53300080068286,162.84116126119392,3853000
2024-05-31,164.1099853515625,164.22800990177848,161.14940614583978,162.97886171522893,4905000
2024-06-03,162.56576538085938,164.04113233313595,160.84450393653668,163.80506821781657,2776100
2024-06-04,163.08706665039062,163.66737407152218,161.1887683041846,161.89694566862656,2594200
2024-06-05,164.63128662109375,165.03454218549408,163.05755585434056,163.67721478258358,3049400
2024-06-06,165.43780517578125,165.67386928243764,164.0608020741395,164.63127907573627,2207100
2024-06-07,167.21807861328125,168.49673292497,165.30010464985224,165.4181291989223,3475500
2024-06-10,167.58201599121094,167.9557654067799,166.10664906561593,166.7656444913967,3444700
2024-06-11,166.5394287109375,167.2082545250977,164.07063840651924,167.18857876344336,2951300
2024-06-12,166.22467041015625,169.63768703284393,165.3394562751606,168.53608455227896,3522700
2024-06-13,166.3426971435547,166.8049799780495,165.57550754762892,166.23450296934934,3525700
2024-06-14,166.4312286376953,166.68695349730677,164.4837335245489,165.5263237321602,2777700
2024-06-17,166.71646118164062,166.9328495295537,164.74930529749147,165.98860810155043,3239800
2024-06-18,167.74920654296875,167.94591911276248,165.61484439388218,167.20823571988066,3386400
2024-06-20,171.06385803222656,171.41794665888855,168.40820083636527,171.22123409034455,4723100
2024-06-21,169.62786865234375,172.0868136547897,168.5852633644109,171.11306603086578,10182000
2024-06-24,172.13597106933594,175.5293269924183,171.29009343474573,172.12614069282282,4864700
2024-06-25,169.76556396484375,172.8638285732573,168.60493415365374,172.2638454100289,4119300
2024-06-26,169.0475311279297,169.84422683625598,167.61151577934865,168.4672237611498,2779000
2024-06-27,168.04429626464844,169.6671938547585,167.68036222297258,168.30985150129376,2894000
2024-06-28,170.10980224609375,170.61143660229445,167.7295454249364,168.0442975706473,4193300
2024-07-01,172.22450256347656,173.56216915650543,170.53274731322804,170.6015899644664,3321000
2024-07-02,174.38836669921875,174.57524890370482,171.4573087254381,171.96875843347507,2883300
2024-07-03,172.84414672851562,175.05719708755694,172.293345484912,174.95884829874674,1649000
2024-07-05,173.12939453125,173.1982371833106,171.09338097586735,172.85399390659077,2086000
2024-07-08,174.7227783203125,175.65717432776017,173.11954153366977,173.5129817003162,2503000
2024-07-09,173.5818328857422,174.78179918866206,172.69661873161832,174.6834503983197,2512700
2024-07-10,174.91949462890625,175.29325904313725,171.58516606255287,173.69986760681863,3462200
2024-07-11,175.38177490234375,176.49322274435747,173.71952583150448,174.73260987913886,2806800
2024-07-12,179.82754516601562,181.13570554423342,175.56865115494168,175.62766342628564,4785600
2024-07-15,179.87673950195312,181.86355614624344,179.60133887782956,180.368528474775,2925700
2024-07-16,182.75860595703125,183.53564089735266,181.48979707825595,181.63732775897137,3374500
2024-07-17,184.37168884277344,184.8536474546044,182.03078346238746,182.3947025113607,4225300
2024-07-18,182.17831420898438,186.3585206137214,182.060289654301,183.57499313617026,3487800
2024-07-19,180.2406463623047,183.92906340928226,178.961992117711,183.27006803120716,3816000
2024-07-22,181.12586975097656,181.9324108572705,179.8570608252751,180.38818630370156,2488500
2024-07-23,181.0767059326172,182.33568450333232,180.00459456482,181.33243079572205,2180200
2024-07-24,180.99801635742188,182.03077619398843,180.1422933457596,181.11604090735807,6962100
2024-07-25,188.82730102539062,193.03701368229463,182.2570071619232,183.73237416807768,9532800
2024-07-26,188.60105895996094,190.39117790996116,186.50603326771414,187.38141698276715,4294900
2024-07-29,188.35516357421875,190.11576137164067,186.0732556940798,190.00756720476843,3336800
2024-07-30,187.90272521972656,189.60432588144894,185.98475121626194,188.335501919628,3065000
2024-07-31,188.9846649169922,191.3550913559391,186.86997834786874,187.8633866649746,5558400
2024-08-01,186.54539489746094,190.46003087947167,185.19788291989354,189.64365939180917,4085400
2024-08-02,186.01425170898438,186.15195201766423,182.65041701848398,185.67983881764874,4548800
2024-08-05,180.2996826171875,182.21765673510308,178.82431560214332,181.51932475257942,4975000
2024-08-06,183.73236083984375,185.79786549369948,180.62425097037527,181.66684117777982,3632500
2024-08-07,183.73236083984375,186.75193728912623,183.63399704328518,184.99133939311054,3801900
2024-08-08,189.4469451904297,189.71251543311695,183.92907241757413,184.42086138125748,3712700
2024-08-09,189.9529571533203,191.12373803714874,187.56179847133942,189.68506417439355,2773700
2024-08-12,187.9983673095703,190.0819525307182,187.52212488225535,189.75453113085362,2290300
2024-08-13,189.49656677246094,189.81405667271397,187.7304866225339,188.80202828292735,2178900
2024-08-14,190.816162109375,191.58013019828817,189.23858359942656,189.65529759505367,1895100
2024-08-15,192.43341064453125,192.73106783123865,191.7686515065863,191.99684878929017,2472000
2024-08-16,192.26473999023438,192.83029015368683,191.35193572840123,192.06630691409208,2494400
2024-08-19,193.20730590820312,194.00105334177638,192.20520904624414,192.32426586246456,2361400
2024-08-20,194.4971466064453,194.67574697301401,192.23497622639704,193.06840423178886,1790400
2024-08-21,195.6679229736328,195.78697978894502,192.60207372408638,194.43761370400563,2579300
2024-08-22,194.42770385742188,196.37236922349038,194.04075405523156,195.7076100832903,1969500
2024-08-23,194.5666046142578,195.83659445947345,192.8699692760157,195.2511964509267,2322000
2024-08-26,196.43190002441406,196.79901712083955,194.3681626744516,194.46738678472306,2567200
2024-08-27,197.176025390625,197.8407845050606,195.42979317088992,195.8961192143627,2617100
2024-08-28,196.9081573486328,198.43610872444262,195.94574101016136,197.4439281808204,2645200
2024-08-29,197.34469604492188,199.54733797334256,196.71963262270245,197.7415773299143,2989600
2024-08-30,200.54945373535156,200.58913429485912,197.17603087722318,197.55306432017488,4751000
2024-09-03,199.7061004638672,203.11920398794217,198.64447514485798,200.33117905678608,3874700
2024-09-04,202.5139617919922,202.76200691617328,198.93218959323826,199.19015107217635,3142500
2024-09-05,201.00584411621094,204.33957120601386,199.38860019400343,202.48419851329436,3229200
2024-09-06,199.17031860351562,202.50404568211988,197.78125682273796,200.7974940145324,3304500
2024-09-09,201.93850708007812,203.4466257622236,199.85492185948934,200.36094363163238,3705000
2024-09-10,203.71450805664062,204.22051466274607,201.2836537137416,202.60325559890956,3070600
2024-09-11,208.24876403808594,208.47696131348417,201.45232157365842,206.13541473354223,5554300
2024-09-12,209.955322265625,210.98718335401546,206.6414429335273,208.35791100897725,4616400
2024-09-13,213.11044311523438,214.4002807942281,210.47125448898484,210.81850858059698,4572300
2024-09-16,215.46192932128906,216.19613323033593,213.83475384412708,214.19193944347842,4176100
2024-09-17,212.45562744140625,217.12878938515124,211.33445856775322,215.55122593354173,5635200
2024-09-18,213.25927734375,215.1642620713938,211.9198276239433,212.45561356765512,3482800
2024-09-19,212.21749877929688,216.77160390348635,208.72501897881187,216.30527783043266,5279600
2024-09-20,215.99769592285156,216.146532084361,212.0686695463633,212.65405241900336,9958800
2024-09-23,218.7758026123047,218.8948594289589,215.5710638017529,216.2953513355212,4074800
2024-09-24,219.24212646484375,219.46040738616952,216.4541016800143,218.06142924661964,3183900
2024-09-25,219.50009155273438,220.11525376816064,218.43846627199366,219.4405631440258,2537800
2024-09-26,221.68289184570312,222.24844202315583,219.62908599060472,220.3732213991644,2673200
2024-09-27,219.11314392089844,222.39725904252842,219.04369915654357,221.25625749241516,3830300
2024-09-30,219.3512725830078,219.5894013595431,217.30738312103497,218.9246270841496,3543400
2024-10-01,217.6348114013672,219.37112737745454,214.21177636550163,218.90480130414747,3548400
2024-10-02,218.01182556152344,218.47815162593884,214.11256331080696,216.6029310130993,3343400
2024-10-03,220.97845458984375,221.0875950565562,217.55543470036932,217.78363198914127,3788300
2024-10-04,224.23280334472656,224.31217960512527,221.52415469381856,222.00039711673705,3553800
2024-10-07,225.3440399169922,225.88974224313847,223.2604698618977,223.61765546269584,3458000
2024-10-08,226.83230590820312,227.5566085890874,225.26465886799735,226.32629929261023,3245100
2024-10-09,232.4678955078125,233.11280678071276,226.71324554699632,227.407768873075,5083600
2024-10-10,231.19790649414062,233.98593130269265,229.99736141663368,233.26164377002505,3142000
2024-10-11,231.43601989746094,231.61462026146677,228.65792658602012,231.42610354258903,3469200
2024-10-14,233.42037963867188,234.27365547665937,231.34672602129203,231.7436073060961,2524400
2024-10-15,231.1383819580078,235.5138865709048,230.89033682655108,234.5514702496948,3350600
2024-10-16,231.8428192138672,232.05118378346677,229.31275587173434,230.29502003217834,2846700
2024-10-17,231.0590057373047,231.32688357890132,228.85636375844786,230.18588202980158,5040100
2024-10-18,230.38430786132812,230.8307860560871,228.37018266807115,230.106498533946,4715700
2024-10-21,229.93783569335938,230.60259482555267,228.4594812671701,229.40206487350036,2733300
2024-10-22,230.43392944335938,231.14830064030508,228.86628238003266,230.17596795425757,3180800
2024-10-23,230.93002319335938,231.51540608484413,228.45948817171396,228.60832433801477,5791000
2024-10-24,216.68231201171875,219.58940892664035,214.46975360075737,219.07347079610457,11193400
2024-10-25,212.99139404296875,216.94026834084087,212.71358470379022,215.10474343123082,8482200
2024-10-28,211.2451629638672,214.55904234276267,211.03679838854742,213.81490693579354,4993300
2024-10-29,208.7845458984375,211.67179493281063,208.20909450209476,210.33236027380957,5258400
2024-10-30,203.29779052734375,209.46915481681836,202.66279557502517,207.84197930528487,6956600
2024-10-31,205.1035614013672,206.50253958915678,201.91865522272633,202.53381744925335,5925300
2024-11-01,206.62159729003906,208.1991607139059,205.7881692705781,206.1453548702719,3334100
2024-11-04,204.70669555664062,206.07589440216202,204.19075743861052,206.02628234744256,2593900
2024-11-05,205.94691467285156,206.49260183897823,203.96255366301483,204.55785288228205,2441500
2024-11-06,211.9297637939453,212.65405132993428,208.72500983409464,211.8106918374529,3934400
2024-11-07,212.01905822753906,212.8425698777652,210.27281081906986,211.9694461735306,3675800
2024-11-08,212.048828125,215.00552192171028,211.11617598670531,212.48538998883785,3201000
2024-11-11,211.90000915527344,213.7256177495214,211.81070139900433,212.72350569612829,3013000
2024-11-12,210.86000061035156,213.02999877929688,209.05999755859375,211.89999389648438,2817800
2024-11-13,210.9199981689453,211.41000366210938,209.07000732421875,209.5,3247800
2024-11-14,208.99000549316406,210.5,206.35000610351562,210.0,6372900
2024-11-15,204.99000549316406,208.49000549316406,204.07000732421875,207.4600067138672,3986500
2024-11-18,208.08999633789062,208.4199981689453,205.3699951171875,207.0,3405900
2024-11-19,210.25,210.3300018310547,206.19000244140625,206.5,2860700
2024-11-20,214.60000610351562,214.9600067138672,209.77000427246094,211.0,4562900
2024-11-21,222.39999389648438,222.6300048828125,215.27000427246094,215.80999755859375,5236400
2024-11-22,222.97000122070312,227.1999969482422,220.88999938964844,223.35000610351562,5320700
2024-11-25,226.1300048828125,226.4199981689453,222.64999389648438,223.35000610351562,7189300
2024-11-26,228.8300018310547,228.97999572753906,225.50999450683594,226.72999572753906,4449500
2024-11-27,226.9199981689453,229.19000244140625,224.27000427246094,228.8300018310547,2995100
2024-11-29,227.41000366210938,230.36000061035156,227.19000244140625,227.75,2640300
2024-12-02,227.38999938964844,228.3800048828125,225.50999450683594,227.5,2655900
2024-12-03,229.0,229.11000061035156,226.6699981689453,227.24000549316406,3163800
2024-12-04,233.49000549316406,233.74000549316406,229.35000610351562,230.0,4104200
2024-12-05,234.75,236.52000427246094,233.4600067138672,233.5500030517578,4791100
2024-12-06,238.0399932861328,238.3800048828125,234.22000122070312,234.42999267578125,4028400
2024-12-09,230.0,239.35000610351562,228.91000366210938,238.0,4970400
2024-12-10,231.72000122070312,234.38999938964844,227.8000030517578,228.39999389648438,4769500
2024-12-11,230.1199951171875,233.0,229.1300048828125,232.69000244140625,3872700
2024-12-12,232.25999450683594,233.88999938964844,230.3800048828125,230.66000366210938,4515700
2024-12-13,230.82000732421875,233.77999877929688,230.25999450683594,232.25,2757400
2024-12-16,229.3300018310547,231.02999877929688,226.8800048828125,230.72999572753906,3610300
2024-12-17,228.97000122070312,230.1999969482422,227.6199951171875,229.22999572753906,3651300
2024-12-18,220.1699981689453,229.0399932861328,220.02999877929688,229.0399932861328,4152500
2024-12-19,223.9199981689453,226.1999969482422,222.97999572753906,224.4199981689453,4427200
2024-12-20,223.36000061035156,227.67999267578125,221.67999267578125,222.72999572753906,12423200
2024-12-23,221.92999267578125,223.74000549316406,221.0800018310547,222.80999755859375,2988100
2024-12-24,224.41000366210938,224.44000244140625,221.5399932861328,222.27000427246094,1186200
2024-12-26,224.88999938964844,225.39999389648438,222.5500030517578,223.30999755859375,3286500
2024-12-27,222.77999877929688,224.4199981689453,221.41000366210938,223.13999938964844,1810800
2024-12-30,220.25,221.58999633789062,217.64999389648438,220.5399932861328,2095600
2024-12-31,219.8300018310547,221.0500030517578,218.44000244140625,220.72000122070312,2270200
2025-01-02,219.94000244140625,222.49000549316406,217.60000610351562,221.82000732421875,2579500
2025-01-03,222.64999389648438,223.66000366210938,220.5500030517578,220.5500030517578,3872100
2025-01-06,222.6699981689453,224.35000610351562,220.75,223.0,2846700
2025-01-07,223.9600067138672,226.7100067138672,222.8300018310547,223.35000610351562,3299300
2025-01-08,223.17999267578125,224.89999389648438,220.8300018310547,223.91000366210938,2619800
2025-01-10,219.75,222.42999267578125,216.8000030517578,222.0,3570300
2025-01-13,217.39999389648438,219.58999633789062,214.75,217.88999938964844,3716800
2025-01-14,217.75,218.1300048828125,214.61000061035156,218.0,3485500
2025-01-15,220.02999877929688,221.67999267578125,218.00999450683594,220.8699951171875,2951600
